CVE,Evidence commit,Scan date,Scanner,Database,Image,Image ID,Base image,OS,Packages / installed versions,Severity,CVSS,Scanner fixed versions,Vendor fix,Compatible fix,Runtime presence,Runtime purpose,Reachability,Privilege required,Attack preconditions,Compensating controls,Disposition,Rationale,Review date
CVE-2025-69720,d85cb0a71de199748c72f477d17bd787d162fecb,2026-10-07T06:34:18.989165+00:00,Trivy 0.75.0 plus individual upstream source review,"{""Version"": ""0.75.0"", ""VulnerabilityDB"": {""Version"": 2, ""NextUpdate"": ""2026-10-08T00:53:05.111120177Z"", ""UpdatedAt"": ""2026-10-07T00:53:05.111120428Z"", ""DownloadedAt"": ""2026-10-07T06:33:18.511243292Z""}, ""JavaDB"": {""Version"": 1, ""NextUpdate"": ""2026-10-10T01:10:24.784067985Z"", ""UpdatedAt"": ""2026-10-07T01:10:24.784068105Z"", ""DownloadedAt"": ""2026-10-07T06:34:07.848870113Z""}}",api,sha256:5b22206b9a3b82bd229505541382aa16c9b6424ffda71877a92d059c6b9efa8f,python:3.11-slim-trixie@sha256:0dd364ba7e10242f07755449e3a3d0e35f9efd987952737b90def6709ab0c5ce,"{""Family"": ""debian"", ""Name"": ""13.7""}",libncursesw6=6.5+20250216-2; libtinfo6=6.5+20250216-2; ncurses-base=6.5+20250216-2; ncurses-bin=6.5+20250216-2,HIGH,"{""julia"": {""V3Vector"": ""CVSS:3.1/AV:L/AC:L/PR:N/UI:R/S:U/C:H/I:H/A:H"", ""V3Score"": 7.8}, ""nvd"": {""V3Vector"": ""CVSS:3.1/AV:L/AC:L/PR:N/UI:R/S:U/C:H/I:H/A:H"", ""V3Score"": 7.8}, ""redhat"": {""V3Vector"": ""CVSS:3.1/AV:L/AC:L/PR:L/UI:N/S:U/C:H/I:H/A:H"", ""V3Score"": 7.8}}",Not reported,See individual upstream/vendor review,No stable/vendor fix reported,Installed package retained; affected component present or inherited; scoped review applies,infocmp terminfo inspection,"No invocation or terminfo-input path in the application, worker, PostgreSQL server or supplied startup/configuration scripts. infocmp remains installed; this is a functionality reachability disposition, not package absence.",No application-exposed path; direct operator authority outside reviewed scope,Processing attacker-controlled terminfo data with infocmp,UID10001; read-only root; capabilities dropped; no-new-privileges; validated storage paths,NOT_REACHABLE,"No invocation or terminfo-input path in the application, worker, PostgreSQL server or supplied startup/configuration scripts. infocmp remains installed; this is a functionality reachability disposition, not package absence.",2026-11-06
CVE-2025-69720,d85cb0a71de199748c72f477d17bd787d162fecb,2026-10-07T06:34:18.989165+00:00,Trivy 0.75.0 plus individual upstream source review,"{""Version"": ""0.75.0"", ""VulnerabilityDB"": {""Version"": 2, ""NextUpdate"": ""2026-10-08T00:53:05.111120177Z"", ""UpdatedAt"": ""2026-10-07T00:53:05.111120428Z"", ""DownloadedAt"": ""2026-10-07T06:33:18.511243292Z""}, ""JavaDB"": {""Version"": 1, ""NextUpdate"": ""2026-10-10T01:10:24.784067985Z"", ""UpdatedAt"": ""2026-10-07T01:10:24.784068105Z"", ""DownloadedAt"": ""2026-10-07T06:34:07.848870113Z""}}",postgres,sha256:2cc2c441669d379d798aba4919a925f33a675a09ded9111f287361a115a07f36,postgres:16-trixie@sha256:65b16a8b326e0cfbdf33fa7e783f2a0cb352a61448616ccccfd616ef42aa0f65,"{""Family"": ""debian"", ""Name"": ""13.7""}",libncursesw6=6.5+20250216-2; libtinfo6=6.5+20250216-2; ncurses-base=6.5+20250216-2; ncurses-bin=6.5+20250216-2,HIGH,"{""julia"": {""V3Vector"": ""CVSS:3.1/AV:L/AC:L/PR:N/UI:R/S:U/C:H/I:H/A:H"", ""V3Score"": 7.8}, ""nvd"": {""V3Vector"": ""CVSS:3.1/AV:L/AC:L/PR:N/UI:R/S:U/C:H/I:H/A:H"", ""V3Score"": 7.8}, ""redhat"": {""V3Vector"": ""CVSS:3.1/AV:L/AC:L/PR:L/UI:N/S:U/C:H/I:H/A:H"", ""V3Score"": 7.8}}",Not reported,See individual upstream/vendor review,No stable/vendor fix reported,Installed package retained; affected component present or inherited; scoped review applies,infocmp terminfo inspection,"No invocation or terminfo-input path in the application, worker, PostgreSQL server or supplied startup/configuration scripts. infocmp remains installed; this is a functionality reachability disposition, not package absence.",No application-exposed path; direct operator authority outside reviewed scope,Processing attacker-controlled terminfo data with infocmp,Fresh supplied fixture; loopback-only published ports; generated credentials; non-root workload; no-new-privileges; no untrusted direct service API/SQL credentials,NOT_REACHABLE,"No invocation or terminfo-input path in the application, worker, PostgreSQL server or supplied startup/configuration scripts. infocmp remains installed; this is a functionality reachability disposition, not package absence.",2026-11-06
CVE-2025-69720,d85cb0a71de199748c72f477d17bd787d162fecb,2026-10-07T06:34:18.989165+00:00,Trivy 0.75.0 plus individual upstream source review,"{""Version"": ""0.75.0"", ""VulnerabilityDB"": {""Version"": 2, ""NextUpdate"": ""2026-10-08T00:53:05.111120177Z"", ""UpdatedAt"": ""2026-10-07T00:53:05.111120428Z"", ""DownloadedAt"": ""2026-10-07T06:33:18.511243292Z""}, ""JavaDB"": {""Version"": 1, ""NextUpdate"": ""2026-10-10T01:10:24.784067985Z"", ""UpdatedAt"": ""2026-10-07T01:10:24.784068105Z"", ""DownloadedAt"": ""2026-10-07T06:34:07.848870113Z""}}",worker,sha256:8fc530d7657d262b95ceba21e5be14ff889e4a832e61ff4207a34ae156148360,python:3.11-slim-trixie@sha256:0dd364ba7e10242f07755449e3a3d0e35f9efd987952737b90def6709ab0c5ce,"{""Family"": ""debian"", ""Name"": ""13.7""}",libncursesw6=6.5+20250216-2; libtinfo6=6.5+20250216-2; ncurses-base=6.5+20250216-2; ncurses-bin=6.5+20250216-2,HIGH,"{""julia"": {""V3Vector"": ""CVSS:3.1/AV:L/AC:L/PR:N/UI:R/S:U/C:H/I:H/A:H"", ""V3Score"": 7.8}, ""nvd"": {""V3Vector"": ""CVSS:3.1/AV:L/AC:L/PR:N/UI:R/S:U/C:H/I:H/A:H"", ""V3Score"": 7.8}, ""redhat"": {""V3Vector"": ""CVSS:3.1/AV:L/AC:L/PR:L/UI:N/S:U/C:H/I:H/A:H"", ""V3Score"": 7.8}}",Not reported,See individual upstream/vendor review,No stable/vendor fix reported,Installed package retained; affected component present or inherited; scoped review applies,infocmp terminfo inspection,"No invocation or terminfo-input path in the application, worker, PostgreSQL server or supplied startup/configuration scripts. infocmp remains installed; this is a functionality reachability disposition, not package absence.",No application-exposed path; direct operator authority outside reviewed scope,Processing attacker-controlled terminfo data with infocmp,UID10001; read-only root; capabilities dropped; no-new-privileges; validated storage paths,NOT_REACHABLE,"No invocation or terminfo-input path in the application, worker, PostgreSQL server or supplied startup/configuration scripts. infocmp remains installed; this is a functionality reachability disposition, not package absence.",2026-11-06
CVE-2026-103111,d85cb0a71de199748c72f477d17bd787d162fecb,2026-10-07T06:34:18.989165+00:00,Trivy 0.75.0 plus individual upstream source review,"{""Version"": ""0.75.0"", ""VulnerabilityDB"": {""Version"": 2, ""NextUpdate"": ""2026-10-08T00:53:05.111120177Z"", ""UpdatedAt"": ""2026-10-07T00:53:05.111120428Z"", ""DownloadedAt"": ""2026-10-07T06:33:18.511243292Z""}, ""JavaDB"": {""Version"": 1, ""NextUpdate"": ""2026-10-10T01:10:24.784067985Z"", ""UpdatedAt"": ""2026-10-07T01:10:24.784068105Z"", ""DownloadedAt"": ""2026-10-07T06:34:07.848870113Z""}}",keycloak,sha256:43ebe9d4e97c2e5483b7637edf474e6adc1bbf4832a7396686cf90259c396d42,quay.io/keycloak/keycloak:26.8.0@sha256:b0f60d489d51c5d113390bdf5461d4c06e6051be026c05549f2e1e10ec352bcc,"{""Family"": ""redhat"", ""Name"": ""9.8""}",pcre2=10.40-6.el9; pcre2-syntax=10.40-6.el9,HIGH,"{""redhat"": {""V3Vector"": ""CVSS:3.1/AV:N/AC:L/PR:L/UI:N/S:U/C:L/I:H/A:L"", ""V3Score"": 7.6}}",Not reported,See individual upstream/vendor review,No stable/vendor fix reported,Installed package retained; affected component present or inherited; scoped review applies,Keycloak inherited native PCRE2 JIT library,"Keycloak runs Java regex handling; PCRE2 is not mapped by its Java PID after real authentication. The only supplied shell health regex is a constant HTTP status pattern, with no attacker-selected PCRE/JIT pattern.",No application-exposed path; direct operator authority outside reviewed scope,Attacker-controlled PCRE2 pattern and affected JIT API usage,Fresh supplied fixture; loopback-only published ports; generated credentials; non-root workload; no-new-privileges; no untrusted direct service API/SQL credentials,NOT_REACHABLE,"Keycloak runs Java regex handling; PCRE2 is not mapped by its Java PID after real authentication. The only supplied shell health regex is a constant HTTP status pattern, with no attacker-selected PCRE/JIT pattern.",2026-11-06
CVE-2026-16742,d85cb0a71de199748c72f477d17bd787d162fecb,2026-10-07T06:34:18.989165+00:00,Trivy 0.75.0 plus individual upstream source review,"{""Version"": ""0.75.0"", ""VulnerabilityDB"": {""Version"": 2, ""NextUpdate"": ""2026-10-08T00:53:05.111120177Z"", ""UpdatedAt"": ""2026-10-07T00:53:05.111120428Z"", ""DownloadedAt"": ""2026-10-07T06:33:18.511243292Z""}, ""JavaDB"": {""Version"": 1, ""NextUpdate"": ""2026-10-10T01:10:24.784067985Z"", ""UpdatedAt"": ""2026-10-07T01:10:24.784068105Z"", ""DownloadedAt"": ""2026-10-07T06:34:07.848870113Z""}}",api,sha256:5b22206b9a3b82bd229505541382aa16c9b6424ffda71877a92d059c6b9efa8f,python:3.11-slim-trixie@sha256:0dd364ba7e10242f07755449e3a3d0e35f9efd987952737b90def6709ab0c5ce,"{""Family"": ""debian"", ""Name"": ""13.7""}",libsystemd0=257.13-1~deb13u1; libudev1=257.13-1~deb13u1,HIGH,"{""redhat"": {""V3Vector"": ""CVSS:3.1/AV:L/AC:L/PR:L/UI:N/S:C/C:H/I:H/A:H"", ""V3Score"": 8.8}}",Not reported,See individual upstream/vendor review,No stable/vendor fix reported,Installed package retained; affected component absent,systemd-homed privilege service,"The vulnerable systemd-homed executable and service are absent. libsystemd0/libudev1 remain installed as inherited shared libraries, which alone do not contain the affected homed workflow.",No application-exposed path; direct operator authority outside reviewed scope,systemd-homed processing attacker-controlled home identity records,UID10001; read-only root; capabilities dropped; no-new-privileges; validated storage paths,NOT_PRESENT,"The vulnerable systemd-homed executable and service are absent. libsystemd0/libudev1 remain installed as inherited shared libraries, which alone do not contain the affected homed workflow.",2026-11-06
CVE-2026-16742,d85cb0a71de199748c72f477d17bd787d162fecb,2026-10-07T06:34:18.989165+00:00,Trivy 0.75.0 plus individual upstream source review,"{""Version"": ""0.75.0"", ""VulnerabilityDB"": {""Version"": 2, ""NextUpdate"": ""2026-10-08T00:53:05.111120177Z"", ""UpdatedAt"": ""2026-10-07T00:53:05.111120428Z"", ""DownloadedAt"": ""2026-10-07T06:33:18.511243292Z""}, ""JavaDB"": {""Version"": 1, ""NextUpdate"": ""2026-10-10T01:10:24.784067985Z"", ""UpdatedAt"": ""2026-10-07T01:10:24.784068105Z"", ""DownloadedAt"": ""2026-10-07T06:34:07.848870113Z""}}",postgres,sha256:2cc2c441669d379d798aba4919a925f33a675a09ded9111f287361a115a07f36,postgres:16-trixie@sha256:65b16a8b326e0cfbdf33fa7e783f2a0cb352a61448616ccccfd616ef42aa0f65,"{""Family"": ""debian"", ""Name"": ""13.7""}",libsystemd0=257.13-1~deb13u1; libudev1=257.13-1~deb13u1,HIGH,"{""redhat"": {""V3Vector"": ""CVSS:3.1/AV:L/AC:L/PR:L/UI:N/S:C/C:H/I:H/A:H"", ""V3Score"": 8.8}}",Not reported,See individual upstream/vendor review,No stable/vendor fix reported,Installed package retained; affected component absent,systemd-homed privilege service,"The vulnerable systemd-homed executable and service are absent. libsystemd0/libudev1 remain installed as inherited shared libraries, which alone do not contain the affected homed workflow.",No application-exposed path; direct operator authority outside reviewed scope,systemd-homed processing attacker-controlled home identity records,Fresh supplied fixture; loopback-only published ports; generated credentials; non-root workload; no-new-privileges; no untrusted direct service API/SQL credentials,NOT_PRESENT,"The vulnerable systemd-homed executable and service are absent. libsystemd0/libudev1 remain installed as inherited shared libraries, which alone do not contain the affected homed workflow.",2026-11-06
CVE-2026-16742,d85cb0a71de199748c72f477d17bd787d162fecb,2026-10-07T06:34:18.989165+00:00,Trivy 0.75.0 plus individual upstream source review,"{""Version"": ""0.75.0"", ""VulnerabilityDB"": {""Version"": 2, ""NextUpdate"": ""2026-10-08T00:53:05.111120177Z"", ""UpdatedAt"": ""2026-10-07T00:53:05.111120428Z"", ""DownloadedAt"": ""2026-10-07T06:33:18.511243292Z""}, ""JavaDB"": {""Version"": 1, ""NextUpdate"": ""2026-10-10T01:10:24.784067985Z"", ""UpdatedAt"": ""2026-10-07T01:10:24.784068105Z"", ""DownloadedAt"": ""2026-10-07T06:34:07.848870113Z""}}",worker,sha256:8fc530d7657d262b95ceba21e5be14ff889e4a832e61ff4207a34ae156148360,python:3.11-slim-trixie@sha256:0dd364ba7e10242f07755449e3a3d0e35f9efd987952737b90def6709ab0c5ce,"{""Family"": ""debian"", ""Name"": ""13.7""}",libsystemd0=257.13-1~deb13u1; libudev1=257.13-1~deb13u1,HIGH,"{""redhat"": {""V3Vector"": ""CVSS:3.1/AV:L/AC:L/PR:L/UI:N/S:C/C:H/I:H/A:H"", ""V3Score"": 8.8}}",Not reported,See individual upstream/vendor review,No stable/vendor fix reported,Installed package retained; affected component absent,systemd-homed privilege service,"The vulnerable systemd-homed executable and service are absent. libsystemd0/libudev1 remain installed as inherited shared libraries, which alone do not contain the affected homed workflow.",No application-exposed path; direct operator authority outside reviewed scope,systemd-homed processing attacker-controlled home identity records,UID10001; read-only root; capabilities dropped; no-new-privileges; validated storage paths,NOT_PRESENT,"The vulnerable systemd-homed executable and service are absent. libsystemd0/libudev1 remain installed as inherited shared libraries, which alone do not contain the affected homed workflow.",2026-11-06
CVE-2026-33322,d85cb0a71de199748c72f477d17bd787d162fecb,2026-10-07T06:34:18.989165+00:00,Trivy 0.75.0 plus individual upstream source review,"{""Version"": ""0.75.0"", ""VulnerabilityDB"": {""Version"": 2, ""NextUpdate"": ""2026-10-08T00:53:05.111120177Z"", ""UpdatedAt"": ""2026-10-07T00:53:05.111120428Z"", ""DownloadedAt"": ""2026-10-07T06:33:18.511243292Z""}, ""JavaDB"": {""Version"": 1, ""NextUpdate"": ""2026-10-10T01:10:24.784067985Z"", ""UpdatedAt"": ""2026-10-07T01:10:24.784068105Z"", ""DownloadedAt"": ""2026-10-07T06:34:07.848870113Z""}}",minio,sha256:87a6c54825933bd59b7314385ba737b85e23d5f0152b3a7640e4869df3b8bb52,alpine:3.24@sha256:294b683cb724975bec92580e1e685676bd4b50bda910ddb8c51d4cabeaec77e6,"{""Family"": ""alpine"", ""Name"": ""3.24.2""}",github.com/minio/minio=v0.0.0-20260212201848-7aac2a2c5b7c+dirty,CRITICAL,"{""bitnami"": {""V40Vector"": ""CVSS:4.0/AV:N/AC:L/AT:P/PR:N/UI:N/VC:H/VI:H/VA:H/SC:N/SI:N/SA:N"", ""V40Score"": 9.2}, ""ghsa"": {""V40Vector"": ""CVSS:4.0/AV:N/AC:L/AT:P/PR:N/UI:N/VC:H/VI:H/VA:H/SC:N/SI:N/SA:N"", ""V40Score"": 9.2}, ""nvd"": {""V3Vector"": ""CVSS:3.1/AV:N/AC:L/PR:N/UI:N/S:U/C:H/I:H/A:H"", ""V3Score"": 9.8}}",Not reported,AIStor RELEASE.2026-03-17T21-25-16Z,False,Installed package retained; affected component present or inherited; scoped review applies,MinIO optional OIDC STS provider,The supplied fresh fixture has no MinIO OIDC provider/client secret; application OIDC is a separate Keycloak integration. Service scope verification rejects MinIO identity environment changes and confirms STS does not issue credentials. Enabling MinIO OIDC invalidates this disposition.,No application-exposed path; direct operator authority outside reviewed scope,MinIO OIDC configured and attacker knows its ClientSecret,Fresh supplied fixture; loopback-only published ports; generated credentials; non-root workload; no-new-privileges; no untrusted direct service API/SQL credentials,NOT_REACHABLE,The supplied fresh fixture has no MinIO OIDC provider/client secret; application OIDC is a separate Keycloak integration. Service scope verification rejects MinIO identity environment changes and confirms STS does not issue credentials. Enabling MinIO OIDC invalidates this disposition.,2026-11-06
CVE-2026-33419,d85cb0a71de199748c72f477d17bd787d162fecb,2026-10-07T06:34:18.989165+00:00,Trivy 0.75.0 plus individual upstream source review,"{""Version"": ""0.75.0"", ""VulnerabilityDB"": {""Version"": 2, ""NextUpdate"": ""2026-10-08T00:53:05.111120177Z"", ""UpdatedAt"": ""2026-10-07T00:53:05.111120428Z"", ""DownloadedAt"": ""2026-10-07T06:33:18.511243292Z""}, ""JavaDB"": {""Version"": 1, ""NextUpdate"": ""2026-10-10T01:10:24.784067985Z"", ""UpdatedAt"": ""2026-10-07T01:10:24.784068105Z"", ""DownloadedAt"": ""2026-10-07T06:34:07.848870113Z""}}",minio,sha256:87a6c54825933bd59b7314385ba737b85e23d5f0152b3a7640e4869df3b8bb52,alpine:3.24@sha256:294b683cb724975bec92580e1e685676bd4b50bda910ddb8c51d4cabeaec77e6,"{""Family"": ""alpine"", ""Name"": ""3.24.2""}",github.com/minio/minio=v0.0.0-20260212201848-7aac2a2c5b7c+dirty,CRITICAL,"{""bitnami"": {""V40Vector"": ""CVSS:4.0/AV:N/AC:L/AT:P/PR:N/UI:N/VC:H/VI:H/VA:N/SC:N/SI:N/SA:N"", ""V40Score"": 9.1}, ""ghsa"": {""V40Vector"": ""CVSS:4.0/AV:N/AC:L/AT:P/PR:N/UI:N/VC:H/VI:H/VA:N/SC:N/SI:N/SA:N"", ""V40Score"": 9.1}, ""nvd"": {""V3Vector"": ""CVSS:3.1/AV:N/AC:L/PR:N/UI:N/S:U/C:H/I:N/A:N"", ""V3Score"": 7.5}}",Not reported,AIStor RELEASE.2026-03-17T21-25-16Z,False,Installed package retained; affected component present or inherited; scoped review applies,MinIO optional LDAP STS provider,No MinIO LDAP server or provider is configured in the supplied fresh fixture. A negative STS test issues no credentials. Enabling LDAP or reusing externally configured MinIO state invalidates this disposition.,No application-exposed path; direct operator authority outside reviewed scope,Configured reachable LDAP authentication server and repeated credential guesses,Fresh supplied fixture; loopback-only published ports; generated credentials; non-root workload; no-new-privileges; no untrusted direct service API/SQL credentials,NOT_REACHABLE,No MinIO LDAP server or provider is configured in the supplied fresh fixture. A negative STS test issues no credentials. Enabling LDAP or reusing externally configured MinIO state invalidates this disposition.,2026-11-06
CVE-2026-34204,d85cb0a71de199748c72f477d17bd787d162fecb,2026-10-07T06:34:18.989165+00:00,Trivy 0.75.0 plus individual upstream source review,"{""Version"": ""0.75.0"", ""VulnerabilityDB"": {""Version"": 2, ""NextUpdate"": ""2026-10-08T00:53:05.111120177Z"", ""UpdatedAt"": ""2026-10-07T00:53:05.111120428Z"", ""DownloadedAt"": ""2026-10-07T06:33:18.511243292Z""}, ""JavaDB"": {""Version"": 1, ""NextUpdate"": ""2026-10-10T01:10:24.784067985Z"", ""UpdatedAt"": ""2026-10-07T01:10:24.784068105Z"", ""DownloadedAt"": ""2026-10-07T06:34:07.848870113Z""}}",minio,sha256:87a6c54825933bd59b7314385ba737b85e23d5f0152b3a7640e4869df3b8bb52,alpine:3.24@sha256:294b683cb724975bec92580e1e685676bd4b50bda910ddb8c51d4cabeaec77e6,"{""Family"": ""alpine"", ""Name"": ""3.24.2""}",github.com/minio/minio=v0.0.0-20260212201848-7aac2a2c5b7c+dirty,HIGH,"{""bitnami"": {""V40Vector"": ""CVSS:4.0/AV:N/AC:L/AT:N/PR:L/UI:N/VC:N/VI:L/VA:H/SC:N/SI:N/SA:N"", ""V40Score"": 7.1}, ""ghsa"": {""V3Vector"": ""CVSS:3.1/AV:N/AC:L/PR:L/UI:N/S:U/C:N/I:L/A:H"", ""V40Vector"": ""CVSS:4.0/AV:N/AC:L/AT:N/PR:L/UI:N/VC:N/VI:L/VA:H/SC:N/SI:N/SA:N"", ""V3Score"": 7.1, ""V40Score"": 7.1}, ""nvd"": {""V3Vector"": ""CVSS:3.1/AV:N/AC:L/PR:L/UI:N/S:U/C:N/I:L/A:H"", ""V3Score"": 7.1}}",Not reported,AIStor RELEASE.2026-03-26T21-24-40Z,False,Installed package retained; affected component present or inherited; scoped review applies,MinIO S3 write metadata extraction,"The development fixture is loopback-only and its generated storage credentials are confined to trusted operators/API/worker, never tenants. The S3 adapter sends fixed sha256 metadata and does not relay client headers or expose raw storage credentials. Tenant actions cannot select replication headers. Direct credential-bearing operator clients retain residual risk; no production MinIO endorsement is made.",Authenticated write principal supplies crafted replication encryption headers,Authenticated write principal supplies crafted replication encryption headers,Fresh supplied fixture; loopback-only published ports; generated credentials; non-root workload; no-new-privileges; no untrusted direct service API/SQL credentials,MITIGATED,"The development fixture is loopback-only and its generated storage credentials are confined to trusted operators/API/worker, never tenants. The S3 adapter sends fixed sha256 metadata and does not relay client headers or expose raw storage credentials. Tenant actions cannot select replication headers. Direct credential-bearing operator clients retain residual risk; no production MinIO endorsement is made.",2026-11-06
CVE-2026-39414,d85cb0a71de199748c72f477d17bd787d162fecb,2026-10-07T06:34:18.989165+00:00,Trivy 0.75.0 plus individual upstream source review,"{""Version"": ""0.75.0"", ""VulnerabilityDB"": {""Version"": 2, ""NextUpdate"": ""2026-10-08T00:53:05.111120177Z"", ""UpdatedAt"": ""2026-10-07T00:53:05.111120428Z"", ""DownloadedAt"": ""2026-10-07T06:33:18.511243292Z""}, ""JavaDB"": {""Version"": 1, ""NextUpdate"": ""2026-10-10T01:10:24.784067985Z"", ""UpdatedAt"": ""2026-10-07T01:10:24.784068105Z"", ""DownloadedAt"": ""2026-10-07T06:34:07.848870113Z""}}",minio,sha256:87a6c54825933bd59b7314385ba737b85e23d5f0152b3a7640e4869df3b8bb52,alpine:3.24@sha256:294b683cb724975bec92580e1e685676bd4b50bda910ddb8c51d4cabeaec77e6,"{""Family"": ""alpine"", ""Name"": ""3.24.2""}",github.com/minio/minio=v0.0.0-20260212201848-7aac2a2c5b7c+dirty,HIGH,"{""bitnami"": {""V40Vector"": ""CVSS:4.0/AV:N/AC:L/AT:N/PR:L/UI:N/VC:N/VI:N/VA:H/SC:N/SI:N/SA:N"", ""V40Score"": 7.1}, ""ghsa"": {""V40Vector"": ""CVSS:4.0/AV:N/AC:L/AT:N/PR:L/UI:N/VC:N/VI:N/VA:H/SC:N/SI:N/SA:N"", ""V40Score"": 7.1}, ""nvd"": {""V3Vector"": ""CVSS:3.1/AV:N/AC:L/PR:L/UI:N/S:U/C:N/I:N/A:H"", ""V3Score"": 6.5}}",Not reported,AIStor RELEASE.2025-12-20T04-58-37Z,False,Installed package retained; affected component present or inherited; scoped review applies,MinIO S3 Select CSV reader,"No application S3 Select call or proxy exists. Loopback exposure and generated credentials confine raw storage access to trusted operator/API/worker processes; tenants cannot invoke SelectObjectContent. Raw operator clients can still trigger the bug, so this is mitigation, not a universal reachability claim.",Storage credential holder uploads a long-line CSV and calls S3 Select,Storage credential holder uploads a long-line CSV and calls S3 Select,Fresh supplied fixture; loopback-only published ports; generated credentials; non-root workload; no-new-privileges; no untrusted direct service API/SQL credentials,MITIGATED,"No application S3 Select call or proxy exists. Loopback exposure and generated credentials confine raw storage access to trusted operator/API/worker processes; tenants cannot invoke SelectObjectContent. Raw operator clients can still trigger the bug, so this is mitigation, not a universal reachability claim.",2026-11-06
CVE-2026-40344,d85cb0a71de199748c72f477d17bd787d162fecb,2026-10-07T06:34:18.989165+00:00,Trivy 0.75.0 plus individual upstream source review,"{""Version"": ""0.75.0"", ""VulnerabilityDB"": {""Version"": 2, ""NextUpdate"": ""2026-10-08T00:53:05.111120177Z"", ""UpdatedAt"": ""2026-10-07T00:53:05.111120428Z"", ""DownloadedAt"": ""2026-10-07T06:33:18.511243292Z""}, ""JavaDB"": {""Version"": 1, ""NextUpdate"": ""2026-10-10T01:10:24.784067985Z"", ""UpdatedAt"": ""2026-10-07T01:10:24.784068105Z"", ""DownloadedAt"": ""2026-10-07T06:34:07.848870113Z""}}",minio,sha256:87a6c54825933bd59b7314385ba737b85e23d5f0152b3a7640e4869df3b8bb52,alpine:3.24@sha256:294b683cb724975bec92580e1e685676bd4b50bda910ddb8c51d4cabeaec77e6,"{""Family"": ""alpine"", ""Name"": ""3.24.2""}",github.com/minio/minio=v0.0.0-20260212201848-7aac2a2c5b7c+dirty,HIGH,"{""bitnami"": {""V40Vector"": ""CVSS:4.0/AV:N/AC:L/AT:N/PR:N/UI:N/VC:N/VI:H/VA:L/SC:N/SI:N/SA:N"", ""V40Score"": 8.8}, ""ghsa"": {""V3Vector"": ""CVSS:3.1/AV:N/AC:L/PR:N/UI:N/S:U/C:N/I:H/A:L"", ""V40Vector"": ""CVSS:4.0/AV:N/AC:L/AT:N/PR:N/UI:N/VC:N/VI:H/VA:L/SC:N/SI:N/SA:N"", ""V3Score"": 8.2, ""V40Score"": 8.8}, ""nvd"": {""V3Vector"": ""CVSS:3.1/AV:N/AC:L/PR:N/UI:N/S:U/C:N/I:H/A:L"", ""V3Score"": 8.2}}",Not reported,AIStor RELEASE.2026-04-11T03-20-12Z,False,Installed package retained; affected component present or inherited; scoped review applies,MinIO Snowball unsigned-trailer extraction,"Loopback-only fixture exposure, randomly generated unpublished access keys, trusted-only raw storage clients and an application adapter that does not expose Snowball/header forwarding substantially restrict exploitation. Private buckets alone do not fix this authentication bypass. Residual local/operator risk remains; enabling public/shared direct access invalidates this disposition.",Knowledge of a write-capable storage access key and direct Snowball upload,Knowledge of a write-capable storage access key and direct Snowball upload,Fresh supplied fixture; loopback-only published ports; generated credentials; non-root workload; no-new-privileges; no untrusted direct service API/SQL credentials,MITIGATED,"Loopback-only fixture exposure, randomly generated unpublished access keys, trusted-only raw storage clients and an application adapter that does not expose Snowball/header forwarding substantially restrict exploitation. Private buckets alone do not fix this authentication bypass. Residual local/operator risk remains; enabling public/shared direct access invalidates this disposition.",2026-11-06
CVE-2026-41145,d85cb0a71de199748c72f477d17bd787d162fecb,2026-10-07T06:34:18.989165+00:00,Trivy 0.75.0 plus individual upstream source review,"{""Version"": ""0.75.0"", ""VulnerabilityDB"": {""Version"": 2, ""NextUpdate"": ""2026-10-08T00:53:05.111120177Z"", ""UpdatedAt"": ""2026-10-07T00:53:05.111120428Z"", ""DownloadedAt"": ""2026-10-07T06:33:18.511243292Z""}, ""JavaDB"": {""Version"": 1, ""NextUpdate"": ""2026-10-10T01:10:24.784067985Z"", ""UpdatedAt"": ""2026-10-07T01:10:24.784068105Z"", ""DownloadedAt"": ""2026-10-07T06:34:07.848870113Z""}}",minio,sha256:87a6c54825933bd59b7314385ba737b85e23d5f0152b3a7640e4869df3b8bb52,alpine:3.24@sha256:294b683cb724975bec92580e1e685676bd4b50bda910ddb8c51d4cabeaec77e6,"{""Family"": ""alpine"", ""Name"": ""3.24.2""}",github.com/minio/minio=v0.0.0-20260212201848-7aac2a2c5b7c+dirty,HIGH,"{""bitnami"": {""V40Vector"": ""CVSS:4.0/AV:N/AC:L/AT:N/PR:N/UI:N/VC:N/VI:H/VA:L/SC:N/SI:N/SA:N"", ""V40Score"": 8.8}, ""ghsa"": {""V3Vector"": ""CVSS:3.1/AV:N/AC:L/PR:N/UI:N/S:U/C:N/I:H/A:L"", ""V40Vector"": ""CVSS:4.0/AV:N/AC:L/AT:N/PR:N/UI:N/VC:N/VI:H/VA:L/SC:N/SI:N/SA:N"", ""V3Score"": 8.2, ""V40Score"": 8.8}, ""nvd"": {""V3Vector"": ""CVSS:3.1/AV:N/AC:L/PR:N/UI:N/S:U/C:N/I:H/A:L"", ""V3Score"": 8.2}}",Not reported,AIStor RELEASE.2026-04-11T03-20-12Z,False,Installed package retained; affected component present or inherited; scoped review applies,MinIO unsigned-trailer object/multipart write,The supplied fixture is bound to loopback; high-entropy generated access keys are not published/returned to tenants. Application storage operations use SDK-generated authenticated requests and do not relay arbitrary headers/query credentials. The underlying flaw remains; this narrow development-fixture mitigation does not approve public storage deployment.,Knowledge of a write-capable access key and direct query-credential unsigned-trailer upload,Knowledge of a write-capable access key and direct query-credential unsigned-trailer upload,Fresh supplied fixture; loopback-only published ports; generated credentials; non-root workload; no-new-privileges; no untrusted direct service API/SQL credentials,MITIGATED,The supplied fixture is bound to loopback; high-entropy generated access keys are not published/returned to tenants. Application storage operations use SDK-generated authenticated requests and do not relay arbitrary headers/query credentials. The underlying flaw remains; this narrow development-fixture mitigation does not approve public storage deployment.,2026-11-06
CVE-2026-54369,d85cb0a71de199748c72f477d17bd787d162fecb,2026-10-07T06:34:18.989165+00:00,Trivy 0.75.0 plus individual upstream source review,"{""Version"": ""0.75.0"", ""VulnerabilityDB"": {""Version"": 2, ""NextUpdate"": ""2026-10-08T00:53:05.111120177Z"", ""UpdatedAt"": ""2026-10-07T00:53:05.111120428Z"", ""DownloadedAt"": ""2026-10-07T06:33:18.511243292Z""}, ""JavaDB"": {""Version"": 1, ""NextUpdate"": ""2026-10-10T01:10:24.784067985Z"", ""UpdatedAt"": ""2026-10-07T01:10:24.784068105Z"", ""DownloadedAt"": ""2026-10-07T06:34:07.848870113Z""}}",api,sha256:5b22206b9a3b82bd229505541382aa16c9b6424ffda71877a92d059c6b9efa8f,python:3.11-slim-trixie@sha256:0dd364ba7e10242f07755449e3a3d0e35f9efd987952737b90def6709ab0c5ce,"{""Family"": ""debian"", ""Name"": ""13.7""}",libacl1=2.3.2-2+b1,HIGH,"{""redhat"": {""V3Vector"": ""CVSS:3.1/AV:L/AC:L/PR:L/UI:N/S:U/C:H/I:H/A:N"", ""V3Score"": 7.1}}",Not reported,See individual upstream/vendor review,No stable/vendor fix reported,Installed package retained; affected component present or inherited; scoped review applies,inherited ACL library used by OS utilities,"Application and PostgreSQL workload processes are non-root. Application roots are read-only; upload/storage keys are validated and no app ACL utility invocation exists. PostgreSQL startup operates on operator-owned volume paths, not tenant-controlled host paths. No stable compatible trixie package fix is reported.",A privileged ACL pathname operation concurrent with attacker-controlled symlinks,A privileged ACL pathname operation concurrent with attacker-controlled symlinks,UID10001; read-only root; capabilities dropped; no-new-privileges; validated storage paths,MITIGATED,"Application and PostgreSQL workload processes are non-root. Application roots are read-only; upload/storage keys are validated and no app ACL utility invocation exists. PostgreSQL startup operates on operator-owned volume paths, not tenant-controlled host paths. No stable compatible trixie package fix is reported.",2026-11-06
CVE-2026-54369,d85cb0a71de199748c72f477d17bd787d162fecb,2026-10-07T06:34:18.989165+00:00,Trivy 0.75.0 plus individual upstream source review,"{""Version"": ""0.75.0"", ""VulnerabilityDB"": {""Version"": 2, ""NextUpdate"": ""2026-10-08T00:53:05.111120177Z"", ""UpdatedAt"": ""2026-10-07T00:53:05.111120428Z"", ""DownloadedAt"": ""2026-10-07T06:33:18.511243292Z""}, ""JavaDB"": {""Version"": 1, ""NextUpdate"": ""2026-10-10T01:10:24.784067985Z"", ""UpdatedAt"": ""2026-10-07T01:10:24.784068105Z"", ""DownloadedAt"": ""2026-10-07T06:34:07.848870113Z""}}",postgres,sha256:2cc2c441669d379d798aba4919a925f33a675a09ded9111f287361a115a07f36,postgres:16-trixie@sha256:65b16a8b326e0cfbdf33fa7e783f2a0cb352a61448616ccccfd616ef42aa0f65,"{""Family"": ""debian"", ""Name"": ""13.7""}",libacl1=2.3.2-2+b1,HIGH,"{""redhat"": {""V3Vector"": ""CVSS:3.1/AV:L/AC:L/PR:L/UI:N/S:U/C:H/I:H/A:N"", ""V3Score"": 7.1}}",Not reported,See individual upstream/vendor review,No stable/vendor fix reported,Installed package retained; affected component present or inherited; scoped review applies,inherited ACL library used by OS utilities,"Application and PostgreSQL workload processes are non-root. Application roots are read-only; upload/storage keys are validated and no app ACL utility invocation exists. PostgreSQL startup operates on operator-owned volume paths, not tenant-controlled host paths. No stable compatible trixie package fix is reported.",A privileged ACL pathname operation concurrent with attacker-controlled symlinks,A privileged ACL pathname operation concurrent with attacker-controlled symlinks,Fresh supplied fixture; loopback-only published ports; generated credentials; non-root workload; no-new-privileges; no untrusted direct service API/SQL credentials,MITIGATED,"Application and PostgreSQL workload processes are non-root. Application roots are read-only; upload/storage keys are validated and no app ACL utility invocation exists. PostgreSQL startup operates on operator-owned volume paths, not tenant-controlled host paths. No stable compatible trixie package fix is reported.",2026-11-06
CVE-2026-54369,d85cb0a71de199748c72f477d17bd787d162fecb,2026-10-07T06:34:18.989165+00:00,Trivy 0.75.0 plus individual upstream source review,"{""Version"": ""0.75.0"", ""VulnerabilityDB"": {""Version"": 2, ""NextUpdate"": ""2026-10-08T00:53:05.111120177Z"", ""UpdatedAt"": ""2026-10-07T00:53:05.111120428Z"", ""DownloadedAt"": ""2026-10-07T06:33:18.511243292Z""}, ""JavaDB"": {""Version"": 1, ""NextUpdate"": ""2026-10-10T01:10:24.784067985Z"", ""UpdatedAt"": ""2026-10-07T01:10:24.784068105Z"", ""DownloadedAt"": ""2026-10-07T06:34:07.848870113Z""}}",worker,sha256:8fc530d7657d262b95ceba21e5be14ff889e4a832e61ff4207a34ae156148360,python:3.11-slim-trixie@sha256:0dd364ba7e10242f07755449e3a3d0e35f9efd987952737b90def6709ab0c5ce,"{""Family"": ""debian"", ""Name"": ""13.7""}",libacl1=2.3.2-2+b1,HIGH,"{""redhat"": {""V3Vector"": ""CVSS:3.1/AV:L/AC:L/PR:L/UI:N/S:U/C:H/I:H/A:N"", ""V3Score"": 7.1}}",Not reported,See individual upstream/vendor review,No stable/vendor fix reported,Installed package retained; affected component present or inherited; scoped review applies,inherited ACL library used by OS utilities,"Application and PostgreSQL workload processes are non-root. Application roots are read-only; upload/storage keys are validated and no app ACL utility invocation exists. PostgreSQL startup operates on operator-owned volume paths, not tenant-controlled host paths. No stable compatible trixie package fix is reported.",A privileged ACL pathname operation concurrent with attacker-controlled symlinks,A privileged ACL pathname operation concurrent with attacker-controlled symlinks,UID10001; read-only root; capabilities dropped; no-new-privileges; validated storage paths,MITIGATED,"Application and PostgreSQL workload processes are non-root. Application roots are read-only; upload/storage keys are validated and no app ACL utility invocation exists. PostgreSQL startup operates on operator-owned volume paths, not tenant-controlled host paths. No stable compatible trixie package fix is reported.",2026-11-06
CVE-2026-6653,d85cb0a71de199748c72f477d17bd787d162fecb,2026-10-07T06:34:18.989165+00:00,Trivy 0.75.0 plus individual upstream source review,"{""Version"": ""0.75.0"", ""VulnerabilityDB"": {""Version"": 2, ""NextUpdate"": ""2026-10-08T00:53:05.111120177Z"", ""UpdatedAt"": ""2026-10-07T00:53:05.111120428Z"", ""DownloadedAt"": ""2026-10-07T06:33:18.511243292Z""}, ""JavaDB"": {""Version"": 1, ""NextUpdate"": ""2026-10-10T01:10:24.784067985Z"", ""UpdatedAt"": ""2026-10-07T01:10:24.784068105Z"", ""DownloadedAt"": ""2026-10-07T06:34:07.848870113Z""}}",postgres,sha256:2cc2c441669d379d798aba4919a925f33a675a09ded9111f287361a115a07f36,postgres:16-trixie@sha256:65b16a8b326e0cfbdf33fa7e783f2a0cb352a61448616ccccfd616ef42aa0f65,"{""Family"": ""debian"", ""Name"": ""13.7""}",libxml2=2.12.7+dfsg+really2.9.14-2.1+deb13u3,CRITICAL,"{""julia"": {""V3Vector"": ""CVSS:3.1/AV:N/AC:L/PR:N/UI:N/S:U/C:H/I:H/A:H"", ""V40Vector"": ""CVSS:4.0/AV:N/AC:H/AT:N/PR:N/UI:N/VC:H/VI:L/VA:L/SC:N/SI:N/SA:N/E:P"", ""V3Score"": 9.8, ""V40Score"": 7}, ""nvd"": {""V3Vector"": ""CVSS:3.1/AV:N/AC:L/PR:N/UI:N/S:U/C:H/I:H/A:H"", ""V3Score"": 9.8}, ""redhat"": {""V3Vector"": ""CVSS:3.1/AV:N/AC:H/PR:N/UI:N/S:U/C:N/I:N/A:H"", ""V3Score"": 5.9}}",Not reported,See individual upstream/vendor review,No stable/vendor fix reported,Installed package retained; affected component present or inherited; scoped review applies,PostgreSQL optional XML parsing library,"PostgreSQL retains SQL/XML capability, but the MedSynth schema has no XML columns and routes use bound ORM/static SQL without XML casts, XML functions or arbitrary SQL endpoints. Uploaded CSV/JSON bytes are stored as ordinary objects/structured values, not passed to libxml2. Direct privileged SQL access is outside this application-path disposition and requires re-review if exposed to untrusted users.",No application-exposed path; direct operator authority outside reviewed scope,Crafted XML reaching xmlParseInternalSubset via a SQL/XML operation,Fresh supplied fixture; loopback-only published ports; generated credentials; non-root workload; no-new-privileges; no untrusted direct service API/SQL credentials,NOT_REACHABLE,"PostgreSQL retains SQL/XML capability, but the MedSynth schema has no XML columns and routes use bound ORM/static SQL without XML casts, XML functions or arbitrary SQL endpoints. Uploaded CSV/JSON bytes are stored as ordinary objects/structured values, not passed to libxml2. Direct privileged SQL access is outside this application-path disposition and requires re-review if exposed to untrusted users.",2026-11-06
CVE-2026-74860,d85cb0a71de199748c72f477d17bd787d162fecb,2026-10-07T06:34:18.989165+00:00,Trivy 0.75.0 plus individual upstream source review,"{""Version"": ""0.75.0"", ""VulnerabilityDB"": {""Version"": 2, ""NextUpdate"": ""2026-10-08T00:53:05.111120177Z"", ""UpdatedAt"": ""2026-10-07T00:53:05.111120428Z"", ""DownloadedAt"": ""2026-10-07T06:33:18.511243292Z""}, ""JavaDB"": {""Version"": 1, ""NextUpdate"": ""2026-10-10T01:10:24.784067985Z"", ""UpdatedAt"": ""2026-10-07T01:10:24.784068105Z"", ""DownloadedAt"": ""2026-10-07T06:34:07.848870113Z""}}",postgres,sha256:2cc2c441669d379d798aba4919a925f33a675a09ded9111f287361a115a07f36,postgres:16-trixie@sha256:65b16a8b326e0cfbdf33fa7e783f2a0cb352a61448616ccccfd616ef42aa0f65,"{""Family"": ""debian"", ""Name"": ""13.7""}",libxml2=2.12.7+dfsg+really2.9.14-2.1+deb13u3,HIGH,"{""redhat"": {""V3Vector"": ""CVSS:3.1/AV:N/AC:H/PR:L/UI:N/S:C/C:H/I:H/A:H"", ""V3Score"": 8.5}}",Not reported,See individual upstream/vendor review,No stable/vendor fix reported,Installed package retained; affected component absent,optional libxml2 Python SAX binding,No libxml2mod Python binding is present in the PostgreSQL runtime. PostgreSQL native libxml2 is not the vulnerable Python SAX callback component.,No application-exposed path; direct operator authority outside reviewed scope,libxml2 Python bindings with a crafted DTD enumeration callback,Fresh supplied fixture; loopback-only published ports; generated credentials; non-root workload; no-new-privileges; no untrusted direct service API/SQL credentials,NOT_PRESENT,No libxml2mod Python binding is present in the PostgreSQL runtime. PostgreSQL native libxml2 is not the vulnerable Python SAX callback component.,2026-11-06
CVE-2026-76642,d85cb0a71de199748c72f477d17bd787d162fecb,2026-10-07T06:34:18.989165+00:00,Trivy 0.75.0 plus individual upstream source review,"{""Version"": ""0.75.0"", ""VulnerabilityDB"": {""Version"": 2, ""NextUpdate"": ""2026-10-08T00:53:05.111120177Z"", ""UpdatedAt"": ""2026-10-07T00:53:05.111120428Z"", ""DownloadedAt"": ""2026-10-07T06:33:18.511243292Z""}, ""JavaDB"": {""Version"": 1, ""NextUpdate"": ""2026-10-10T01:10:24.784067985Z"", ""UpdatedAt"": ""2026-10-07T01:10:24.784068105Z"", ""DownloadedAt"": ""2026-10-07T06:34:07.848870113Z""}}",api,sha256:5b22206b9a3b82bd229505541382aa16c9b6424ffda71877a92d059c6b9efa8f,python:3.11-slim-trixie@sha256:0dd364ba7e10242f07755449e3a3d0e35f9efd987952737b90def6709ab0c5ce,"{""Family"": ""debian"", ""Name"": ""13.7""}",bsdutils=1:2.41.5-0+deb13u1; libblkid1=2.41.5-0+deb13u1; liblastlog2-2=2.41.5-0+deb13u1; libmount1=2.41.5-0+deb13u1; libsmartcols1=2.41.5-0+deb13u1; libuuid1=2.41.5-0+deb13u1; login=1:4.16.0-2+really2.41.5-0+deb13u1; mount=2.41.5-0+deb13u1; util-linux=2.41.5-0+deb13u1,HIGH,"{""redhat"": {""V3Vector"": ""CVSS:3.1/AV:L/AC:L/PR:L/UI:N/S:U/C:H/I:H/A:H"", ""V3Score"": 7.8}}",Not reported,See individual upstream/vendor review,No stable/vendor fix reported,Installed package retained; affected component present or inherited; scoped review applies,mount helper privilege flow,The supplied containers have no SYS_ADMIN/host-namespace authority or tenant-authorized fstab entries. Workload processes are non-root and no-new-privileges prevents setuid elevation. The application does not invoke mount helpers.,Authorized mount helper execution and vulnerable failure flow,Authorized mount helper execution and vulnerable failure flow,UID10001; read-only root; capabilities dropped; no-new-privileges; validated storage paths,MITIGATED,The supplied containers have no SYS_ADMIN/host-namespace authority or tenant-authorized fstab entries. Workload processes are non-root and no-new-privileges prevents setuid elevation. The application does not invoke mount helpers.,2026-11-06
CVE-2026-76642,d85cb0a71de199748c72f477d17bd787d162fecb,2026-10-07T06:34:18.989165+00:00,Trivy 0.75.0 plus individual upstream source review,"{""Version"": ""0.75.0"", ""VulnerabilityDB"": {""Version"": 2, ""NextUpdate"": ""2026-10-08T00:53:05.111120177Z"", ""UpdatedAt"": ""2026-10-07T00:53:05.111120428Z"", ""DownloadedAt"": ""2026-10-07T06:33:18.511243292Z""}, ""JavaDB"": {""Version"": 1, ""NextUpdate"": ""2026-10-10T01:10:24.784067985Z"", ""UpdatedAt"": ""2026-10-07T01:10:24.784068105Z"", ""DownloadedAt"": ""2026-10-07T06:34:07.848870113Z""}}",postgres,sha256:2cc2c441669d379d798aba4919a925f33a675a09ded9111f287361a115a07f36,postgres:16-trixie@sha256:65b16a8b326e0cfbdf33fa7e783f2a0cb352a61448616ccccfd616ef42aa0f65,"{""Family"": ""debian"", ""Name"": ""13.7""}",bsdutils=1:2.41.5-0+deb13u1; libblkid1=2.41.5-0+deb13u1; liblastlog2-2=2.41.5-0+deb13u1; libmount1=2.41.5-0+deb13u1; libsmartcols1=2.41.5-0+deb13u1; libuuid1=2.41.5-0+deb13u1; login=1:4.16.0-2+really2.41.5-0+deb13u1; mount=2.41.5-0+deb13u1; util-linux=2.41.5-0+deb13u1,HIGH,"{""redhat"": {""V3Vector"": ""CVSS:3.1/AV:L/AC:L/PR:L/UI:N/S:U/C:H/I:H/A:H"", ""V3Score"": 7.8}}",Not reported,See individual upstream/vendor review,No stable/vendor fix reported,Installed package retained; affected component present or inherited; scoped review applies,mount helper privilege flow,The supplied containers have no SYS_ADMIN/host-namespace authority or tenant-authorized fstab entries. Workload processes are non-root and no-new-privileges prevents setuid elevation. The application does not invoke mount helpers.,Authorized mount helper execution and vulnerable failure flow,Authorized mount helper execution and vulnerable failure flow,Fresh supplied fixture; loopback-only published ports; generated credentials; non-root workload; no-new-privileges; no untrusted direct service API/SQL credentials,MITIGATED,The supplied containers have no SYS_ADMIN/host-namespace authority or tenant-authorized fstab entries. Workload processes are non-root and no-new-privileges prevents setuid elevation. The application does not invoke mount helpers.,2026-11-06
CVE-2026-76642,d85cb0a71de199748c72f477d17bd787d162fecb,2026-10-07T06:34:18.989165+00:00,Trivy 0.75.0 plus individual upstream source review,"{""Version"": ""0.75.0"", ""VulnerabilityDB"": {""Version"": 2, ""NextUpdate"": ""2026-10-08T00:53:05.111120177Z"", ""UpdatedAt"": ""2026-10-07T00:53:05.111120428Z"", ""DownloadedAt"": ""2026-10-07T06:33:18.511243292Z""}, ""JavaDB"": {""Version"": 1, ""NextUpdate"": ""2026-10-10T01:10:24.784067985Z"", ""UpdatedAt"": ""2026-10-07T01:10:24.784068105Z"", ""DownloadedAt"": ""2026-10-07T06:34:07.848870113Z""}}",worker,sha256:8fc530d7657d262b95ceba21e5be14ff889e4a832e61ff4207a34ae156148360,python:3.11-slim-trixie@sha256:0dd364ba7e10242f07755449e3a3d0e35f9efd987952737b90def6709ab0c5ce,"{""Family"": ""debian"", ""Name"": ""13.7""}",bsdutils=1:2.41.5-0+deb13u1; libblkid1=2.41.5-0+deb13u1; liblastlog2-2=2.41.5-0+deb13u1; libmount1=2.41.5-0+deb13u1; libsmartcols1=2.41.5-0+deb13u1; libuuid1=2.41.5-0+deb13u1; login=1:4.16.0-2+really2.41.5-0+deb13u1; mount=2.41.5-0+deb13u1; util-linux=2.41.5-0+deb13u1,HIGH,"{""redhat"": {""V3Vector"": ""CVSS:3.1/AV:L/AC:L/PR:L/UI:N/S:U/C:H/I:H/A:H"", ""V3Score"": 7.8}}",Not reported,See individual upstream/vendor review,No stable/vendor fix reported,Installed package retained; affected component present or inherited; scoped review applies,mount helper privilege flow,The supplied containers have no SYS_ADMIN/host-namespace authority or tenant-authorized fstab entries. Workload processes are non-root and no-new-privileges prevents setuid elevation. The application does not invoke mount helpers.,Authorized mount helper execution and vulnerable failure flow,Authorized mount helper execution and vulnerable failure flow,UID10001; read-only root; capabilities dropped; no-new-privileges; validated storage paths,MITIGATED,The supplied containers have no SYS_ADMIN/host-namespace authority or tenant-authorized fstab entries. Workload processes are non-root and no-new-privileges prevents setuid elevation. The application does not invoke mount helpers.,2026-11-06
CVE-2026-78408,d85cb0a71de199748c72f477d17bd787d162fecb,2026-10-07T06:34:18.989165+00:00,Trivy 0.75.0 plus individual upstream source review,"{""Version"": ""0.75.0"", ""VulnerabilityDB"": {""Version"": 2, ""NextUpdate"": ""2026-10-08T00:53:05.111120177Z"", ""UpdatedAt"": ""2026-10-07T00:53:05.111120428Z"", ""DownloadedAt"": ""2026-10-07T06:33:18.511243292Z""}, ""JavaDB"": {""Version"": 1, ""NextUpdate"": ""2026-10-10T01:10:24.784067985Z"", ""UpdatedAt"": ""2026-10-07T01:10:24.784068105Z"", ""DownloadedAt"": ""2026-10-07T06:34:07.848870113Z""}}",api,sha256:5b22206b9a3b82bd229505541382aa16c9b6424ffda71877a92d059c6b9efa8f,python:3.11-slim-trixie@sha256:0dd364ba7e10242f07755449e3a3d0e35f9efd987952737b90def6709ab0c5ce,"{""Family"": ""debian"", ""Name"": ""13.7""}",bsdutils=1:2.41.5-0+deb13u1; libblkid1=2.41.5-0+deb13u1; liblastlog2-2=2.41.5-0+deb13u1; libmount1=2.41.5-0+deb13u1; libsmartcols1=2.41.5-0+deb13u1; libuuid1=2.41.5-0+deb13u1; login=1:4.16.0-2+really2.41.5-0+deb13u1; mount=2.41.5-0+deb13u1; util-linux=2.41.5-0+deb13u1,HIGH,"{""redhat"": {""V3Vector"": ""CVSS:3.1/AV:L/AC:L/PR:L/UI:R/S:C/C:N/I:H/A:H"", ""V3Score"": 7.9}}",Not reported,See individual upstream/vendor review,No stable/vendor fix reported,Installed package retained; affected component present or inherited; scoped review applies,nsenter cgroup entry utility,"The option is present, but no nsenter invocation, privileged root descriptor or host cgroup/namespace authority is provided by MedSynth. Workload processes are non-root with no-new-privileges and no SYS_ADMIN. This is mitigation, not absence of nsenter.",Privileged nsenter --join-cgroup execution with exploitable inherited descriptors,Privileged nsenter --join-cgroup execution with exploitable inherited descriptors,UID10001; read-only root; capabilities dropped; no-new-privileges; validated storage paths,MITIGATED,"The option is present, but no nsenter invocation, privileged root descriptor or host cgroup/namespace authority is provided by MedSynth. Workload processes are non-root with no-new-privileges and no SYS_ADMIN. This is mitigation, not absence of nsenter.",2026-11-06
CVE-2026-78408,d85cb0a71de199748c72f477d17bd787d162fecb,2026-10-07T06:34:18.989165+00:00,Trivy 0.75.0 plus individual upstream source review,"{""Version"": ""0.75.0"", ""VulnerabilityDB"": {""Version"": 2, ""NextUpdate"": ""2026-10-08T00:53:05.111120177Z"", ""UpdatedAt"": ""2026-10-07T00:53:05.111120428Z"", ""DownloadedAt"": ""2026-10-07T06:33:18.511243292Z""}, ""JavaDB"": {""Version"": 1, ""NextUpdate"": ""2026-10-10T01:10:24.784067985Z"", ""UpdatedAt"": ""2026-10-07T01:10:24.784068105Z"", ""DownloadedAt"": ""2026-10-07T06:34:07.848870113Z""}}",postgres,sha256:2cc2c441669d379d798aba4919a925f33a675a09ded9111f287361a115a07f36,postgres:16-trixie@sha256:65b16a8b326e0cfbdf33fa7e783f2a0cb352a61448616ccccfd616ef42aa0f65,"{""Family"": ""debian"", ""Name"": ""13.7""}",bsdutils=1:2.41.5-0+deb13u1; libblkid1=2.41.5-0+deb13u1; liblastlog2-2=2.41.5-0+deb13u1; libmount1=2.41.5-0+deb13u1; libsmartcols1=2.41.5-0+deb13u1; libuuid1=2.41.5-0+deb13u1; login=1:4.16.0-2+really2.41.5-0+deb13u1; mount=2.41.5-0+deb13u1; util-linux=2.41.5-0+deb13u1,HIGH,"{""redhat"": {""V3Vector"": ""CVSS:3.1/AV:L/AC:L/PR:L/UI:R/S:C/C:N/I:H/A:H"", ""V3Score"": 7.9}}",Not reported,See individual upstream/vendor review,No stable/vendor fix reported,Installed package retained; affected component present or inherited; scoped review applies,nsenter cgroup entry utility,"The option is present, but no nsenter invocation, privileged root descriptor or host cgroup/namespace authority is provided by MedSynth. Workload processes are non-root with no-new-privileges and no SYS_ADMIN. This is mitigation, not absence of nsenter.",Privileged nsenter --join-cgroup execution with exploitable inherited descriptors,Privileged nsenter --join-cgroup execution with exploitable inherited descriptors,Fresh supplied fixture; loopback-only published ports; generated credentials; non-root workload; no-new-privileges; no untrusted direct service API/SQL credentials,MITIGATED,"The option is present, but no nsenter invocation, privileged root descriptor or host cgroup/namespace authority is provided by MedSynth. Workload processes are non-root with no-new-privileges and no SYS_ADMIN. This is mitigation, not absence of nsenter.",2026-11-06
CVE-2026-78408,d85cb0a71de199748c72f477d17bd787d162fecb,2026-10-07T06:34:18.989165+00:00,Trivy 0.75.0 plus individual upstream source review,"{""Version"": ""0.75.0"", ""VulnerabilityDB"": {""Version"": 2, ""NextUpdate"": ""2026-10-08T00:53:05.111120177Z"", ""UpdatedAt"": ""2026-10-07T00:53:05.111120428Z"", ""DownloadedAt"": ""2026-10-07T06:33:18.511243292Z""}, ""JavaDB"": {""Version"": 1, ""NextUpdate"": ""2026-10-10T01:10:24.784067985Z"", ""UpdatedAt"": ""2026-10-07T01:10:24.784068105Z"", ""DownloadedAt"": ""2026-10-07T06:34:07.848870113Z""}}",worker,sha256:8fc530d7657d262b95ceba21e5be14ff889e4a832e61ff4207a34ae156148360,python:3.11-slim-trixie@sha256:0dd364ba7e10242f07755449e3a3d0e35f9efd987952737b90def6709ab0c5ce,"{""Family"": ""debian"", ""Name"": ""13.7""}",bsdutils=1:2.41.5-0+deb13u1; libblkid1=2.41.5-0+deb13u1; liblastlog2-2=2.41.5-0+deb13u1; libmount1=2.41.5-0+deb13u1; libsmartcols1=2.41.5-0+deb13u1; libuuid1=2.41.5-0+deb13u1; login=1:4.16.0-2+really2.41.5-0+deb13u1; mount=2.41.5-0+deb13u1; util-linux=2.41.5-0+deb13u1,HIGH,"{""redhat"": {""V3Vector"": ""CVSS:3.1/AV:L/AC:L/PR:L/UI:R/S:C/C:N/I:H/A:H"", ""V3Score"": 7.9}}",Not reported,See individual upstream/vendor review,No stable/vendor fix reported,Installed package retained; affected component present or inherited; scoped review applies,nsenter cgroup entry utility,"The option is present, but no nsenter invocation, privileged root descriptor or host cgroup/namespace authority is provided by MedSynth. Workload processes are non-root with no-new-privileges and no SYS_ADMIN. This is mitigation, not absence of nsenter.",Privileged nsenter --join-cgroup execution with exploitable inherited descriptors,Privileged nsenter --join-cgroup execution with exploitable inherited descriptors,UID10001; read-only root; capabilities dropped; no-new-privileges; validated storage paths,MITIGATED,"The option is present, but no nsenter invocation, privileged root descriptor or host cgroup/namespace authority is provided by MedSynth. Workload processes are non-root with no-new-privileges and no SYS_ADMIN. This is mitigation, not absence of nsenter.",2026-11-06
CVE-2026-78409,d85cb0a71de199748c72f477d17bd787d162fecb,2026-10-07T06:34:18.989165+00:00,Trivy 0.75.0 plus individual upstream source review,"{""Version"": ""0.75.0"", ""VulnerabilityDB"": {""Version"": 2, ""NextUpdate"": ""2026-10-08T00:53:05.111120177Z"", ""UpdatedAt"": ""2026-10-07T00:53:05.111120428Z"", ""DownloadedAt"": ""2026-10-07T06:33:18.511243292Z""}, ""JavaDB"": {""Version"": 1, ""NextUpdate"": ""2026-10-10T01:10:24.784067985Z"", ""UpdatedAt"": ""2026-10-07T01:10:24.784068105Z"", ""DownloadedAt"": ""2026-10-07T06:34:07.848870113Z""}}",api,sha256:5b22206b9a3b82bd229505541382aa16c9b6424ffda71877a92d059c6b9efa8f,python:3.11-slim-trixie@sha256:0dd364ba7e10242f07755449e3a3d0e35f9efd987952737b90def6709ab0c5ce,"{""Family"": ""debian"", ""Name"": ""13.7""}",bsdutils=1:2.41.5-0+deb13u1; libblkid1=2.41.5-0+deb13u1; liblastlog2-2=2.41.5-0+deb13u1; libmount1=2.41.5-0+deb13u1; libsmartcols1=2.41.5-0+deb13u1; libuuid1=2.41.5-0+deb13u1; login=1:4.16.0-2+really2.41.5-0+deb13u1; mount=2.41.5-0+deb13u1; util-linux=2.41.5-0+deb13u1,HIGH,"{""redhat"": {""V3Vector"": ""CVSS:3.1/AV:L/AC:H/PR:L/UI:N/S:U/C:H/I:H/A:H"", ""V3Score"": 7}}",Not reported,See individual upstream/vendor review,No stable/vendor fix reported,Installed package retained; affected component present or inherited; scoped review applies,X-mount.subdir path handling,"No user-authorized fstab subdirectory mounts, SYS_ADMIN or host namespace access are supplied. Non-root workloads and no-new-privileges restrict mount authority. The vulnerability is retained rather than assumed absent on a particular kernel.",Mount authority with attacker-controlled intermediate symlinks in configured subdirectory mounts,Mount authority with attacker-controlled intermediate symlinks in configured subdirectory mounts,UID10001; read-only root; capabilities dropped; no-new-privileges; validated storage paths,MITIGATED,"No user-authorized fstab subdirectory mounts, SYS_ADMIN or host namespace access are supplied. Non-root workloads and no-new-privileges restrict mount authority. The vulnerability is retained rather than assumed absent on a particular kernel.",2026-11-06
CVE-2026-78409,d85cb0a71de199748c72f477d17bd787d162fecb,2026-10-07T06:34:18.989165+00:00,Trivy 0.75.0 plus individual upstream source review,"{""Version"": ""0.75.0"", ""VulnerabilityDB"": {""Version"": 2, ""NextUpdate"": ""2026-10-08T00:53:05.111120177Z"", ""UpdatedAt"": ""2026-10-07T00:53:05.111120428Z"", ""DownloadedAt"": ""2026-10-07T06:33:18.511243292Z""}, ""JavaDB"": {""Version"": 1, ""NextUpdate"": ""2026-10-10T01:10:24.784067985Z"", ""UpdatedAt"": ""2026-10-07T01:10:24.784068105Z"", ""DownloadedAt"": ""2026-10-07T06:34:07.848870113Z""}}",postgres,sha256:2cc2c441669d379d798aba4919a925f33a675a09ded9111f287361a115a07f36,postgres:16-trixie@sha256:65b16a8b326e0cfbdf33fa7e783f2a0cb352a61448616ccccfd616ef42aa0f65,"{""Family"": ""debian"", ""Name"": ""13.7""}",bsdutils=1:2.41.5-0+deb13u1; libblkid1=2.41.5-0+deb13u1; liblastlog2-2=2.41.5-0+deb13u1; libmount1=2.41.5-0+deb13u1; libsmartcols1=2.41.5-0+deb13u1; libuuid1=2.41.5-0+deb13u1; login=1:4.16.0-2+really2.41.5-0+deb13u1; mount=2.41.5-0+deb13u1; util-linux=2.41.5-0+deb13u1,HIGH,"{""redhat"": {""V3Vector"": ""CVSS:3.1/AV:L/AC:H/PR:L/UI:N/S:U/C:H/I:H/A:H"", ""V3Score"": 7}}",Not reported,See individual upstream/vendor review,No stable/vendor fix reported,Installed package retained; affected component present or inherited; scoped review applies,X-mount.subdir path handling,"No user-authorized fstab subdirectory mounts, SYS_ADMIN or host namespace access are supplied. Non-root workloads and no-new-privileges restrict mount authority. The vulnerability is retained rather than assumed absent on a particular kernel.",Mount authority with attacker-controlled intermediate symlinks in configured subdirectory mounts,Mount authority with attacker-controlled intermediate symlinks in configured subdirectory mounts,Fresh supplied fixture; loopback-only published ports; generated credentials; non-root workload; no-new-privileges; no untrusted direct service API/SQL credentials,MITIGATED,"No user-authorized fstab subdirectory mounts, SYS_ADMIN or host namespace access are supplied. Non-root workloads and no-new-privileges restrict mount authority. The vulnerability is retained rather than assumed absent on a particular kernel.",2026-11-06
CVE-2026-78409,d85cb0a71de199748c72f477d17bd787d162fecb,2026-10-07T06:34:18.989165+00:00,Trivy 0.75.0 plus individual upstream source review,"{""Version"": ""0.75.0"", ""VulnerabilityDB"": {""Version"": 2, ""NextUpdate"": ""2026-10-08T00:53:05.111120177Z"", ""UpdatedAt"": ""2026-10-07T00:53:05.111120428Z"", ""DownloadedAt"": ""2026-10-07T06:33:18.511243292Z""}, ""JavaDB"": {""Version"": 1, ""NextUpdate"": ""2026-10-10T01:10:24.784067985Z"", ""UpdatedAt"": ""2026-10-07T01:10:24.784068105Z"", ""DownloadedAt"": ""2026-10-07T06:34:07.848870113Z""}}",worker,sha256:8fc530d7657d262b95ceba21e5be14ff889e4a832e61ff4207a34ae156148360,python:3.11-slim-trixie@sha256:0dd364ba7e10242f07755449e3a3d0e35f9efd987952737b90def6709ab0c5ce,"{""Family"": ""debian"", ""Name"": ""13.7""}",bsdutils=1:2.41.5-0+deb13u1; libblkid1=2.41.5-0+deb13u1; liblastlog2-2=2.41.5-0+deb13u1; libmount1=2.41.5-0+deb13u1; libsmartcols1=2.41.5-0+deb13u1; libuuid1=2.41.5-0+deb13u1; login=1:4.16.0-2+really2.41.5-0+deb13u1; mount=2.41.5-0+deb13u1; util-linux=2.41.5-0+deb13u1,HIGH,"{""redhat"": {""V3Vector"": ""CVSS:3.1/AV:L/AC:H/PR:L/UI:N/S:U/C:H/I:H/A:H"", ""V3Score"": 7}}",Not reported,See individual upstream/vendor review,No stable/vendor fix reported,Installed package retained; affected component present or inherited; scoped review applies,X-mount.subdir path handling,"No user-authorized fstab subdirectory mounts, SYS_ADMIN or host namespace access are supplied. Non-root workloads and no-new-privileges restrict mount authority. The vulnerability is retained rather than assumed absent on a particular kernel.",Mount authority with attacker-controlled intermediate symlinks in configured subdirectory mounts,Mount authority with attacker-controlled intermediate symlinks in configured subdirectory mounts,UID10001; read-only root; capabilities dropped; no-new-privileges; validated storage paths,MITIGATED,"No user-authorized fstab subdirectory mounts, SYS_ADMIN or host namespace access are supplied. Non-root workloads and no-new-privileges restrict mount authority. The vulnerability is retained rather than assumed absent on a particular kernel.",2026-11-06
CVE-2026-78410,d85cb0a71de199748c72f477d17bd787d162fecb,2026-10-07T06:34:18.989165+00:00,Trivy 0.75.0 plus individual upstream source review,"{""Version"": ""0.75.0"", ""VulnerabilityDB"": {""Version"": 2, ""NextUpdate"": ""2026-10-08T00:53:05.111120177Z"", ""UpdatedAt"": ""2026-10-07T00:53:05.111120428Z"", ""DownloadedAt"": ""2026-10-07T06:33:18.511243292Z""}, ""JavaDB"": {""Version"": 1, ""NextUpdate"": ""2026-10-10T01:10:24.784067985Z"", ""UpdatedAt"": ""2026-10-07T01:10:24.784068105Z"", ""DownloadedAt"": ""2026-10-07T06:34:07.848870113Z""}}",api,sha256:5b22206b9a3b82bd229505541382aa16c9b6424ffda71877a92d059c6b9efa8f,python:3.11-slim-trixie@sha256:0dd364ba7e10242f07755449e3a3d0e35f9efd987952737b90def6709ab0c5ce,"{""Family"": ""debian"", ""Name"": ""13.7""}",bsdutils=1:2.41.5-0+deb13u1; libblkid1=2.41.5-0+deb13u1; liblastlog2-2=2.41.5-0+deb13u1; libmount1=2.41.5-0+deb13u1; libsmartcols1=2.41.5-0+deb13u1; libuuid1=2.41.5-0+deb13u1; login=1:4.16.0-2+really2.41.5-0+deb13u1; mount=2.41.5-0+deb13u1; util-linux=2.41.5-0+deb13u1,HIGH,"{""redhat"": {""V3Vector"": ""CVSS:3.1/AV:L/AC:L/PR:L/UI:N/S:U/C:H/I:H/A:H"", ""V3Score"": 7.8}}",Not reported,See individual upstream/vendor review,No stable/vendor fix reported,Installed package retained; affected component present or inherited; scoped review applies,restricted bind mount ownership validation,No relevant fstab bind mount authorization or SYS_ADMIN is supplied; non-root workloads cannot obtain mount privilege through setuid under no-new-privileges. Application storage paths do not expose host mount configuration.,Mount authority and concurrent inode ownership/mode replacement,Mount authority and concurrent inode ownership/mode replacement,UID10001; read-only root; capabilities dropped; no-new-privileges; validated storage paths,MITIGATED,No relevant fstab bind mount authorization or SYS_ADMIN is supplied; non-root workloads cannot obtain mount privilege through setuid under no-new-privileges. Application storage paths do not expose host mount configuration.,2026-11-06
CVE-2026-78410,d85cb0a71de199748c72f477d17bd787d162fecb,2026-10-07T06:34:18.989165+00:00,Trivy 0.75.0 plus individual upstream source review,"{""Version"": ""0.75.0"", ""VulnerabilityDB"": {""Version"": 2, ""NextUpdate"": ""2026-10-08T00:53:05.111120177Z"", ""UpdatedAt"": ""2026-10-07T00:53:05.111120428Z"", ""DownloadedAt"": ""2026-10-07T06:33:18.511243292Z""}, ""JavaDB"": {""Version"": 1, ""NextUpdate"": ""2026-10-10T01:10:24.784067985Z"", ""UpdatedAt"": ""2026-10-07T01:10:24.784068105Z"", ""DownloadedAt"": ""2026-10-07T06:34:07.848870113Z""}}",postgres,sha256:2cc2c441669d379d798aba4919a925f33a675a09ded9111f287361a115a07f36,postgres:16-trixie@sha256:65b16a8b326e0cfbdf33fa7e783f2a0cb352a61448616ccccfd616ef42aa0f65,"{""Family"": ""debian"", ""Name"": ""13.7""}",bsdutils=1:2.41.5-0+deb13u1; libblkid1=2.41.5-0+deb13u1; liblastlog2-2=2.41.5-0+deb13u1; libmount1=2.41.5-0+deb13u1; libsmartcols1=2.41.5-0+deb13u1; libuuid1=2.41.5-0+deb13u1; login=1:4.16.0-2+really2.41.5-0+deb13u1; mount=2.41.5-0+deb13u1; util-linux=2.41.5-0+deb13u1,HIGH,"{""redhat"": {""V3Vector"": ""CVSS:3.1/AV:L/AC:L/PR:L/UI:N/S:U/C:H/I:H/A:H"", ""V3Score"": 7.8}}",Not reported,See individual upstream/vendor review,No stable/vendor fix reported,Installed package retained; affected component present or inherited; scoped review applies,restricted bind mount ownership validation,No relevant fstab bind mount authorization or SYS_ADMIN is supplied; non-root workloads cannot obtain mount privilege through setuid under no-new-privileges. Application storage paths do not expose host mount configuration.,Mount authority and concurrent inode ownership/mode replacement,Mount authority and concurrent inode ownership/mode replacement,Fresh supplied fixture; loopback-only published ports; generated credentials; non-root workload; no-new-privileges; no untrusted direct service API/SQL credentials,MITIGATED,No relevant fstab bind mount authorization or SYS_ADMIN is supplied; non-root workloads cannot obtain mount privilege through setuid under no-new-privileges. Application storage paths do not expose host mount configuration.,2026-11-06
CVE-2026-78410,d85cb0a71de199748c72f477d17bd787d162fecb,2026-10-07T06:34:18.989165+00:00,Trivy 0.75.0 plus individual upstream source review,"{""Version"": ""0.75.0"", ""VulnerabilityDB"": {""Version"": 2, ""NextUpdate"": ""2026-10-08T00:53:05.111120177Z"", ""UpdatedAt"": ""2026-10-07T00:53:05.111120428Z"", ""DownloadedAt"": ""2026-10-07T06:33:18.511243292Z""}, ""JavaDB"": {""Version"": 1, ""NextUpdate"": ""2026-10-10T01:10:24.784067985Z"", ""UpdatedAt"": ""2026-10-07T01:10:24.784068105Z"", ""DownloadedAt"": ""2026-10-07T06:34:07.848870113Z""}}",worker,sha256:8fc530d7657d262b95ceba21e5be14ff889e4a832e61ff4207a34ae156148360,python:3.11-slim-trixie@sha256:0dd364ba7e10242f07755449e3a3d0e35f9efd987952737b90def6709ab0c5ce,"{""Family"": ""debian"", ""Name"": ""13.7""}",bsdutils=1:2.41.5-0+deb13u1; libblkid1=2.41.5-0+deb13u1; liblastlog2-2=2.41.5-0+deb13u1; libmount1=2.41.5-0+deb13u1; libsmartcols1=2.41.5-0+deb13u1; libuuid1=2.41.5-0+deb13u1; login=1:4.16.0-2+really2.41.5-0+deb13u1; mount=2.41.5-0+deb13u1; util-linux=2.41.5-0+deb13u1,HIGH,"{""redhat"": {""V3Vector"": ""CVSS:3.1/AV:L/AC:L/PR:L/UI:N/S:U/C:H/I:H/A:H"", ""V3Score"": 7.8}}",Not reported,See individual upstream/vendor review,No stable/vendor fix reported,Installed package retained; affected component present or inherited; scoped review applies,restricted bind mount ownership validation,No relevant fstab bind mount authorization or SYS_ADMIN is supplied; non-root workloads cannot obtain mount privilege through setuid under no-new-privileges. Application storage paths do not expose host mount configuration.,Mount authority and concurrent inode ownership/mode replacement,Mount authority and concurrent inode ownership/mode replacement,UID10001; read-only root; capabilities dropped; no-new-privileges; validated storage paths,MITIGATED,No relevant fstab bind mount authorization or SYS_ADMIN is supplied; non-root workloads cannot obtain mount privilege through setuid under no-new-privileges. Application storage paths do not expose host mount configuration.,2026-11-06
CVE-2026-86138,d85cb0a71de199748c72f477d17bd787d162fecb,2026-10-07T06:34:18.989165+00:00,Trivy 0.75.0 plus individual upstream source review,"{""Version"": ""0.75.0"", ""VulnerabilityDB"": {""Version"": 2, ""NextUpdate"": ""2026-10-08T00:53:05.111120177Z"", ""UpdatedAt"": ""2026-10-07T00:53:05.111120428Z"", ""DownloadedAt"": ""2026-10-07T06:33:18.511243292Z""}, ""JavaDB"": {""Version"": 1, ""NextUpdate"": ""2026-10-10T01:10:24.784067985Z"", ""UpdatedAt"": ""2026-10-07T01:10:24.784068105Z"", ""DownloadedAt"": ""2026-10-07T06:34:07.848870113Z""}}",postgres,sha256:2cc2c441669d379d798aba4919a925f33a675a09ded9111f287361a115a07f36,postgres:16-trixie@sha256:65b16a8b326e0cfbdf33fa7e783f2a0cb352a61448616ccccfd616ef42aa0f65,"{""Family"": ""debian"", ""Name"": ""13.7""}",libxml2=2.12.7+dfsg+really2.9.14-2.1+deb13u3,HIGH,"{""nvd"": {""V3Vector"": ""CVSS:3.1/AV:L/AC:L/PR:L/UI:N/S:U/C:H/I:H/A:H"", ""V3Score"": 7.8}, ""redhat"": {""V3Vector"": ""CVSS:3.1/AV:L/AC:H/PR:N/UI:N/S:U/C:H/I:H/A:L"", ""V3Score"": 6.9}}",Not reported,See individual upstream/vendor review,No stable/vendor fix reported,Installed package retained; affected component present or inherited; scoped review applies,libxml2 qualified-name dictionary,"No application path passes XML or XML-qualified names to PostgreSQL/libxml2; no XML column, arbitrary SQL endpoint or XML function call is present. Direct trusted database operators remain able to invoke SQL/XML and are outside this scoped assertion.",No application-exposed path; direct operator authority outside reviewed scope,Attacker-sized XML names reaching xmlDictAddQString,Fresh supplied fixture; loopback-only published ports; generated credentials; non-root workload; no-new-privileges; no untrusted direct service API/SQL credentials,NOT_REACHABLE,"No application path passes XML or XML-qualified names to PostgreSQL/libxml2; no XML column, arbitrary SQL endpoint or XML function call is present. Direct trusted database operators remain able to invoke SQL/XML and are outside this scoped assertion.",2026-11-06
CVE-2026-86139,d85cb0a71de199748c72f477d17bd787d162fecb,2026-10-07T06:34:18.989165+00:00,Trivy 0.75.0 plus individual upstream source review,"{""Version"": ""0.75.0"", ""VulnerabilityDB"": {""Version"": 2, ""NextUpdate"": ""2026-10-08T00:53:05.111120177Z"", ""UpdatedAt"": ""2026-10-07T00:53:05.111120428Z"", ""DownloadedAt"": ""2026-10-07T06:33:18.511243292Z""}, ""JavaDB"": {""Version"": 1, ""NextUpdate"": ""2026-10-10T01:10:24.784067985Z"", ""UpdatedAt"": ""2026-10-07T01:10:24.784068105Z"", ""DownloadedAt"": ""2026-10-07T06:34:07.848870113Z""}}",postgres,sha256:2cc2c441669d379d798aba4919a925f33a675a09ded9111f287361a115a07f36,postgres:16-trixie@sha256:65b16a8b326e0cfbdf33fa7e783f2a0cb352a61448616ccccfd616ef42aa0f65,"{""Family"": ""debian"", ""Name"": ""13.7""}",libxml2=2.12.7+dfsg+really2.9.14-2.1+deb13u3,HIGH,"{""nvd"": {""V3Vector"": ""CVSS:3.1/AV:L/AC:L/PR:L/UI:N/S:U/C:H/I:H/A:H"", ""V3Score"": 7.8}, ""redhat"": {""V3Vector"": ""CVSS:3.1/AV:L/AC:H/PR:N/UI:N/S:U/C:H/I:H/A:L"", ""V3Score"": 6.9}}",Not reported,See individual upstream/vendor review,No stable/vendor fix reported,Installed package retained; affected component present or inherited; scoped review applies,libxml2 URI escaping,"The application performs no PostgreSQL SQL/XML URI escaping and provides no arbitrary SQL/XML API. Schema/source review and tenant tests apply to this application path, not unrelated database clients.",No application-exposed path; direct operator authority outside reviewed scope,Oversized attacker-controlled strings reaching xmlURIEscapeStr,Fresh supplied fixture; loopback-only published ports; generated credentials; non-root workload; no-new-privileges; no untrusted direct service API/SQL credentials,NOT_REACHABLE,"The application performs no PostgreSQL SQL/XML URI escaping and provides no arbitrary SQL/XML API. Schema/source review and tenant tests apply to this application path, not unrelated database clients.",2026-11-06
CVE-2026-86140,d85cb0a71de199748c72f477d17bd787d162fecb,2026-10-07T06:34:18.989165+00:00,Trivy 0.75.0 plus individual upstream source review,"{""Version"": ""0.75.0"", ""VulnerabilityDB"": {""Version"": 2, ""NextUpdate"": ""2026-10-08T00:53:05.111120177Z"", ""UpdatedAt"": ""2026-10-07T00:53:05.111120428Z"", ""DownloadedAt"": ""2026-10-07T06:33:18.511243292Z""}, ""JavaDB"": {""Version"": 1, ""NextUpdate"": ""2026-10-10T01:10:24.784067985Z"", ""UpdatedAt"": ""2026-10-07T01:10:24.784068105Z"", ""DownloadedAt"": ""2026-10-07T06:34:07.848870113Z""}}",postgres,sha256:2cc2c441669d379d798aba4919a925f33a675a09ded9111f287361a115a07f36,postgres:16-trixie@sha256:65b16a8b326e0cfbdf33fa7e783f2a0cb352a61448616ccccfd616ef42aa0f65,"{""Family"": ""debian"", ""Name"": ""13.7""}",libxml2=2.12.7+dfsg+really2.9.14-2.1+deb13u3,HIGH,"{""nvd"": {""V3Vector"": ""CVSS:3.1/AV:L/AC:L/PR:L/UI:N/S:U/C:H/I:H/A:H"", ""V3Score"": 7.8}, ""redhat"": {""V3Vector"": ""CVSS:3.1/AV:L/AC:H/PR:N/UI:N/S:U/C:H/I:H/A:H"", ""V3Score"": 7.4}}",Not reported,See individual upstream/vendor review,No stable/vendor fix reported,Installed package retained; affected component present or inherited; scoped review applies,libxml2 DTD element diagnostics,The application does not parse or validate XML DTDs in PostgreSQL; parameterized queries and the non-XML schema prevent uploaded values being interpreted as SQL/XML.,No application-exposed path; direct operator authority outside reviewed scope,Crafted XML DTD element formatting through xmlSnprintfElements,Fresh supplied fixture; loopback-only published ports; generated credentials; non-root workload; no-new-privileges; no untrusted direct service API/SQL credentials,NOT_REACHABLE,The application does not parse or validate XML DTDs in PostgreSQL; parameterized queries and the non-XML schema prevent uploaded values being interpreted as SQL/XML.,2026-11-06
CVE-2026-86142,d85cb0a71de199748c72f477d17bd787d162fecb,2026-10-07T06:34:18.989165+00:00,Trivy 0.75.0 plus individual upstream source review,"{""Version"": ""0.75.0"", ""VulnerabilityDB"": {""Version"": 2, ""NextUpdate"": ""2026-10-08T00:53:05.111120177Z"", ""UpdatedAt"": ""2026-10-07T00:53:05.111120428Z"", ""DownloadedAt"": ""2026-10-07T06:33:18.511243292Z""}, ""JavaDB"": {""Version"": 1, ""NextUpdate"": ""2026-10-10T01:10:24.784067985Z"", ""UpdatedAt"": ""2026-10-07T01:10:24.784068105Z"", ""DownloadedAt"": ""2026-10-07T06:34:07.848870113Z""}}",postgres,sha256:2cc2c441669d379d798aba4919a925f33a675a09ded9111f287361a115a07f36,postgres:16-trixie@sha256:65b16a8b326e0cfbdf33fa7e783f2a0cb352a61448616ccccfd616ef42aa0f65,"{""Family"": ""debian"", ""Name"": ""13.7""}",libxml2=2.12.7+dfsg+really2.9.14-2.1+deb13u3,HIGH,"{""nvd"": {""V3Vector"": ""CVSS:3.1/AV:L/AC:L/PR:L/UI:N/S:U/C:H/I:H/A:H"", ""V3Score"": 7.8}, ""redhat"": {""V3Vector"": ""CVSS:3.1/AV:L/AC:H/PR:N/UI:N/S:U/C:H/I:H/A:L"", ""V3Score"": 6.9}}",Not reported,See individual upstream/vendor review,No stable/vendor fix reported,Installed package retained; affected component present or inherited; scoped review applies,libxml2 XPointer evaluation,"No XPointer/XML evaluation endpoint, column or SQL operation is provided by the application. Trusted direct SQL access is not asserted safe.",No application-exposed path; direct operator authority outside reviewed scope,Oversized XPointer input reaching xmlXPtrEvalXPtrPart,Fresh supplied fixture; loopback-only published ports; generated credentials; non-root workload; no-new-privileges; no untrusted direct service API/SQL credentials,NOT_REACHABLE,"No XPointer/XML evaluation endpoint, column or SQL operation is provided by the application. Trusted direct SQL access is not asserted safe.",2026-11-06
CVE-2026-86143,d85cb0a71de199748c72f477d17bd787d162fecb,2026-10-07T06:34:18.989165+00:00,Trivy 0.75.0 plus individual upstream source review,"{""Version"": ""0.75.0"", ""VulnerabilityDB"": {""Version"": 2, ""NextUpdate"": ""2026-10-08T00:53:05.111120177Z"", ""UpdatedAt"": ""2026-10-07T00:53:05.111120428Z"", ""DownloadedAt"": ""2026-10-07T06:33:18.511243292Z""}, ""JavaDB"": {""Version"": 1, ""NextUpdate"": ""2026-10-10T01:10:24.784067985Z"", ""UpdatedAt"": ""2026-10-07T01:10:24.784068105Z"", ""DownloadedAt"": ""2026-10-07T06:34:07.848870113Z""}}",postgres,sha256:2cc2c441669d379d798aba4919a925f33a675a09ded9111f287361a115a07f36,postgres:16-trixie@sha256:65b16a8b326e0cfbdf33fa7e783f2a0cb352a61448616ccccfd616ef42aa0f65,"{""Family"": ""debian"", ""Name"": ""13.7""}",libxml2=2.12.7+dfsg+really2.9.14-2.1+deb13u3,HIGH,"{""nvd"": {""V3Vector"": ""CVSS:3.1/AV:L/AC:L/PR:L/UI:N/S:U/C:H/I:H/A:L"", ""V3Score"": 7.3}, ""redhat"": {""V3Vector"": ""CVSS:3.1/AV:L/AC:H/PR:N/UI:N/S:U/C:H/I:H/A:L"", ""V3Score"": 6.9}}",Not reported,See individual upstream/vendor review,No stable/vendor fix reported,Installed package retained; affected component present or inherited; scoped review applies,libxml2 XML output callback lengths,"MedSynth generates governance HTML/JSON through its own reporting code, not PostgreSQL/libxml2 XML output callbacks. No SQL/XML output query is provided.",No application-exposed path; direct operator authority outside reviewed scope,Oversized XML output reaching affected write callbacks,Fresh supplied fixture; loopback-only published ports; generated credentials; non-root workload; no-new-privileges; no untrusted direct service API/SQL credentials,NOT_REACHABLE,"MedSynth generates governance HTML/JSON through its own reporting code, not PostgreSQL/libxml2 XML output callbacks. No SQL/XML output query is provided.",2026-11-06
CVE-2026-86144,d85cb0a71de199748c72f477d17bd787d162fecb,2026-10-07T06:34:18.989165+00:00,Trivy 0.75.0 plus individual upstream source review,"{""Version"": ""0.75.0"", ""VulnerabilityDB"": {""Version"": 2, ""NextUpdate"": ""2026-10-08T00:53:05.111120177Z"", ""UpdatedAt"": ""2026-10-07T00:53:05.111120428Z"", ""DownloadedAt"": ""2026-10-07T06:33:18.511243292Z""}, ""JavaDB"": {""Version"": 1, ""NextUpdate"": ""2026-10-10T01:10:24.784067985Z"", ""UpdatedAt"": ""2026-10-07T01:10:24.784068105Z"", ""DownloadedAt"": ""2026-10-07T06:34:07.848870113Z""}}",postgres,sha256:2cc2c441669d379d798aba4919a925f33a675a09ded9111f287361a115a07f36,postgres:16-trixie@sha256:65b16a8b326e0cfbdf33fa7e783f2a0cb352a61448616ccccfd616ef42aa0f65,"{""Family"": ""debian"", ""Name"": ""13.7""}",libxml2=2.12.7+dfsg+really2.9.14-2.1+deb13u3,HIGH,"{""nvd"": {""V3Vector"": ""CVSS:3.1/AV:L/AC:L/PR:L/UI:N/S:U/C:H/I:H/A:H"", ""V3Score"": 7.8}, ""redhat"": {""V3Vector"": ""CVSS:3.1/AV:L/AC:H/PR:N/UI:N/S:C/C:L/I:L/A:L"", ""V3Score"": 5.6}}",Not reported,See individual upstream/vendor review,No stable/vendor fix reported,Installed package retained; affected component present or inherited; scoped review applies,libxml2 XInclude processing,The application has no XInclude parser or PostgreSQL XML/XInclude workflow. Data upload/report generation does not call that functionality; direct SQL clients require separate review.,No application-exposed path; direct operator authority outside reviewed scope,XInclude resource loading with incorrectly propagated parseFlags,Fresh supplied fixture; loopback-only published ports; generated credentials; non-root workload; no-new-privileges; no untrusted direct service API/SQL credentials,NOT_REACHABLE,The application has no XInclude parser or PostgreSQL XML/XInclude workflow. Data upload/report generation does not call that functionality; direct SQL clients require separate review.,2026-11-06
CVE-2026-86145,d85cb0a71de199748c72f477d17bd787d162fecb,2026-10-07T06:34:18.989165+00:00,Trivy 0.75.0 plus individual upstream source review,"{""Version"": ""0.75.0"", ""VulnerabilityDB"": {""Version"": 2, ""NextUpdate"": ""2026-10-08T00:53:05.111120177Z"", ""UpdatedAt"": ""2026-10-07T00:53:05.111120428Z"", ""DownloadedAt"": ""2026-10-07T06:33:18.511243292Z""}, ""JavaDB"": {""Version"": 1, ""NextUpdate"": ""2026-10-10T01:10:24.784067985Z"", ""UpdatedAt"": ""2026-10-07T01:10:24.784068105Z"", ""DownloadedAt"": ""2026-10-07T06:34:07.848870113Z""}}",keycloak,sha256:43ebe9d4e97c2e5483b7637edf474e6adc1bbf4832a7396686cf90259c396d42,quay.io/keycloak/keycloak:26.8.0@sha256:b0f60d489d51c5d113390bdf5461d4c06e6051be026c05549f2e1e10ec352bcc,"{""Family"": ""redhat"", ""Name"": ""9.8""}",pcre2=10.40-6.el9; pcre2-syntax=10.40-6.el9,HIGH,"{""redhat"": {""V3Vector"": ""CVSS:3.1/AV:N/AC:L/PR:N/UI:N/S:U/C:N/I:H/A:L"", ""V3Score"": 8.2}}",Not reported,See individual upstream/vendor review,No stable/vendor fix reported,Installed package retained; affected component present or inherited; scoped review applies,Keycloak inherited PCRE2 DFA matching,No supplied Keycloak/application route invokes native PCRE2 DFA matching or accepts native-regex programs. Java PID mapping and the constant health pattern delimit this scope.,No application-exposed path; direct operator authority outside reviewed scope,Recursive/cached-workspace DFA matching with attacker-selected pattern or constrained heap,Fresh supplied fixture; loopback-only published ports; generated credentials; non-root workload; no-new-privileges; no untrusted direct service API/SQL credentials,NOT_REACHABLE,No supplied Keycloak/application route invokes native PCRE2 DFA matching or accepts native-regex programs. Java PID mapping and the constant health pattern delimit this scope.,2026-11-06
CVE-2026-89161,d85cb0a71de199748c72f477d17bd787d162fecb,2026-10-07T06:34:18.989165+00:00,Trivy 0.75.0 plus individual upstream source review,"{""Version"": ""0.75.0"", ""VulnerabilityDB"": {""Version"": 2, ""NextUpdate"": ""2026-10-08T00:53:05.111120177Z"", ""UpdatedAt"": ""2026-10-07T00:53:05.111120428Z"", ""DownloadedAt"": ""2026-10-07T06:33:18.511243292Z""}, ""JavaDB"": {""Version"": 1, ""NextUpdate"": ""2026-10-10T01:10:24.784067985Z"", ""UpdatedAt"": ""2026-10-07T01:10:24.784068105Z"", ""DownloadedAt"": ""2026-10-07T06:34:07.848870113Z""}}",keycloak,sha256:43ebe9d4e97c2e5483b7637edf474e6adc1bbf4832a7396686cf90259c396d42,quay.io/keycloak/keycloak:26.8.0@sha256:b0f60d489d51c5d113390bdf5461d4c06e6051be026c05549f2e1e10ec352bcc,"{""Family"": ""redhat"", ""Name"": ""9.8""}",pcre2=10.40-6.el9; pcre2-syntax=10.40-6.el9,HIGH,"{""nvd"": {""V3Vector"": ""CVSS:3.1/AV:L/AC:L/PR:L/UI:N/S:U/C:H/I:H/A:H"", ""V3Score"": 7.8}, ""redhat"": {""V3Vector"": ""CVSS:3.1/AV:L/AC:H/PR:N/UI:N/S:U/C:H/I:H/A:H"", ""V3Score"": 7.4}}",Not reported,See individual upstream/vendor review,No stable/vendor fix reported,Installed package retained; affected component present or inherited; scoped review applies,Keycloak inherited PCRE2 JIT matching,No native PCRE2 JIT caller exists in the supplied Java authentication workflow. Runtime mapping after auth does not load PCRE; shell health checking uses a fixed non-JIT grep pattern.,No application-exposed path; direct operator authority outside reviewed scope,Affected JIT subject/context reuse and incorrect free operation,Fresh supplied fixture; loopback-only published ports; generated credentials; non-root workload; no-new-privileges; no untrusted direct service API/SQL credentials,NOT_REACHABLE,No native PCRE2 JIT caller exists in the supplied Java authentication workflow. Runtime mapping after auth does not load PCRE; shell health checking uses a fixed non-JIT grep pattern.,2026-11-06
CVE-2026-9538,d85cb0a71de199748c72f477d17bd787d162fecb,2026-10-07T06:34:18.989165+00:00,Trivy 0.75.0 plus individual upstream source review,"{""Version"": ""0.75.0"", ""VulnerabilityDB"": {""Version"": 2, ""NextUpdate"": ""2026-10-08T00:53:05.111120177Z"", ""UpdatedAt"": ""2026-10-07T00:53:05.111120428Z"", ""DownloadedAt"": ""2026-10-07T06:33:18.511243292Z""}, ""JavaDB"": {""Version"": 1, ""NextUpdate"": ""2026-10-10T01:10:24.784067985Z"", ""UpdatedAt"": ""2026-10-07T01:10:24.784068105Z"", ""DownloadedAt"": ""2026-10-07T06:34:07.848870113Z""}}",api,sha256:5b22206b9a3b82bd229505541382aa16c9b6424ffda71877a92d059c6b9efa8f,python:3.11-slim-trixie@sha256:0dd364ba7e10242f07755449e3a3d0e35f9efd987952737b90def6709ab0c5ce,"{""Family"": ""debian"", ""Name"": ""13.7""}",perl-base=5.40.1-6+deb13u1,HIGH,"{""nvd"": {""V3Vector"": ""CVSS:3.1/AV:N/AC:L/PR:N/UI:N/S:U/C:N/I:N/A:H"", ""V3Score"": 7.5}, ""redhat"": {""V3Vector"": ""CVSS:3.1/AV:N/AC:L/PR:N/UI:N/S:U/C:N/I:N/A:H"", ""V3Score"": 7.5}}",Not reported,See individual upstream/vendor review,No stable/vendor fix reported,Installed package retained; affected component absent,Archive::Tar Perl archive processing,The API/worker perl-base installation does not include Archive::Tar. The module load and filesystem absence probes are recorded; no arbitrary-archive Perl execution exists.,No application-exposed path; direct operator authority outside reviewed scope,Processing attacker-controlled tar archives using Archive::Tar,UID10001; read-only root; capabilities dropped; no-new-privileges; validated storage paths,NOT_PRESENT,The API/worker perl-base installation does not include Archive::Tar. The module load and filesystem absence probes are recorded; no arbitrary-archive Perl execution exists.,2026-11-06
CVE-2026-9538,d85cb0a71de199748c72f477d17bd787d162fecb,2026-10-07T06:34:18.989165+00:00,Trivy 0.75.0 plus individual upstream source review,"{""Version"": ""0.75.0"", ""VulnerabilityDB"": {""Version"": 2, ""NextUpdate"": ""2026-10-08T00:53:05.111120177Z"", ""UpdatedAt"": ""2026-10-07T00:53:05.111120428Z"", ""DownloadedAt"": ""2026-10-07T06:33:18.511243292Z""}, ""JavaDB"": {""Version"": 1, ""NextUpdate"": ""2026-10-10T01:10:24.784067985Z"", ""UpdatedAt"": ""2026-10-07T01:10:24.784068105Z"", ""DownloadedAt"": ""2026-10-07T06:34:07.848870113Z""}}",postgres,sha256:2cc2c441669d379d798aba4919a925f33a675a09ded9111f287361a115a07f36,postgres:16-trixie@sha256:65b16a8b326e0cfbdf33fa7e783f2a0cb352a61448616ccccfd616ef42aa0f65,"{""Family"": ""debian"", ""Name"": ""13.7""}",libperl5.40=5.40.1-6+deb13u1; perl=5.40.1-6+deb13u1; perl-base=5.40.1-6+deb13u1; perl-modules-5.40=5.40.1-6+deb13u1,HIGH,"{""nvd"": {""V3Vector"": ""CVSS:3.1/AV:N/AC:L/PR:N/UI:N/S:U/C:N/I:N/A:H"", ""V3Score"": 7.5}, ""redhat"": {""V3Vector"": ""CVSS:3.1/AV:N/AC:L/PR:N/UI:N/S:U/C:N/I:N/A:H"", ""V3Score"": 7.5}}",Not reported,See individual upstream/vendor review,No stable/vendor fix reported,Installed package retained; affected component present or inherited; scoped review applies,Archive::Tar Perl archive processing,Archive::Tar remains in the full inherited Perl installation. PostgreSQL/entrypoint/cluster management do not extract attacker-controlled tar through it; application uploads do not invoke Perl. Trusted operator Perl archive operations are outside this application workflow and require separate review.,No application-exposed path; direct operator authority outside reviewed scope,Processing attacker-controlled tar archives using Archive::Tar,Fresh supplied fixture; loopback-only published ports; generated credentials; non-root workload; no-new-privileges; no untrusted direct service API/SQL credentials,NOT_REACHABLE,Archive::Tar remains in the full inherited Perl installation. PostgreSQL/entrypoint/cluster management do not extract attacker-controlled tar through it; application uploads do not invoke Perl. Trusted operator Perl archive operations are outside this application workflow and require separate review.,2026-11-06
CVE-2026-9538,d85cb0a71de199748c72f477d17bd787d162fecb,2026-10-07T06:34:18.989165+00:00,Trivy 0.75.0 plus individual upstream source review,"{""Version"": ""0.75.0"", ""VulnerabilityDB"": {""Version"": 2, ""NextUpdate"": ""2026-10-08T00:53:05.111120177Z"", ""UpdatedAt"": ""2026-10-07T00:53:05.111120428Z"", ""DownloadedAt"": ""2026-10-07T06:33:18.511243292Z""}, ""JavaDB"": {""Version"": 1, ""NextUpdate"": ""2026-10-10T01:10:24.784067985Z"", ""UpdatedAt"": ""2026-10-07T01:10:24.784068105Z"", ""DownloadedAt"": ""2026-10-07T06:34:07.848870113Z""}}",worker,sha256:8fc530d7657d262b95ceba21e5be14ff889e4a832e61ff4207a34ae156148360,python:3.11-slim-trixie@sha256:0dd364ba7e10242f07755449e3a3d0e35f9efd987952737b90def6709ab0c5ce,"{""Family"": ""debian"", ""Name"": ""13.7""}",perl-base=5.40.1-6+deb13u1,HIGH,"{""nvd"": {""V3Vector"": ""CVSS:3.1/AV:N/AC:L/PR:N/UI:N/S:U/C:N/I:N/A:H"", ""V3Score"": 7.5}, ""redhat"": {""V3Vector"": ""CVSS:3.1/AV:N/AC:L/PR:N/UI:N/S:U/C:N/I:N/A:H"", ""V3Score"": 7.5}}",Not reported,See individual upstream/vendor review,No stable/vendor fix reported,Installed package retained; affected component absent,Archive::Tar Perl archive processing,The API/worker perl-base installation does not include Archive::Tar. The module load and filesystem absence probes are recorded; no arbitrary-archive Perl execution exists.,No application-exposed path; direct operator authority outside reviewed scope,Processing attacker-controlled tar archives using Archive::Tar,UID10001; read-only root; capabilities dropped; no-new-privileges; validated storage paths,NOT_PRESENT,The API/worker perl-base installation does not include Archive::Tar. The module load and filesystem absence probes are recorded; no arbitrary-archive Perl execution exists.,2026-11-06
